Khitan Small Script readings (lowercase) and meanings (uppercase). Data from Andrew West's https://babelstone.co.uk/Unicode/unicode.js, originally based on Wu Yingzhe [Wú Yīngzhé 吴英喆] and Juha Janhunen. New Materials on the Khitan Small Script: A Critical Edition of Xiao Dilu and Yelü Xiangwen. Folkestone: Global Oriental, 2010. ISBN 978-19-06-87650-0
18B00,DITTO
18B01,NORTH / ABOVE
18B02,TWENTY
18B03,
18B04,hong
18B05,iû
18B06,
18B07,
18B08,WHITE
18B09,WHITE
18B0A,MOUNTAIN / TOMB
18B0B,ai
18B0C,EIGHT
18B0D,EIGHT
18B0E,NORTH+d
18B0F,
18B10,an
18B11,
18B12,
18B13,húr
18B14,
18B15,HUNDRED (jau)
18B16,in
18B17,od
18B18,
18B19,
18B1A,in
18B1B,iu
18B1C,y
18B1D,mo
18B1E,cau
18B1F,ih
18B20,
18B21,
18B22,
18B23,ONE
18B24,ONE
18B25,sh
18B26,FIVE (tau)
18B27,FIVE (tau)
18B28,
18B29,
18B2A,NINE (is)
18B2B,NINE (is)
18B2C,
18B2D,xu
18B2E,di
18B2F,zhi
18B30,
18B31,zhi
18B32,
18B33,
18B34,
18B35,
18B36,WEST
18B37,su
18B38,
18B39,
18B3A,
18B3B,
18B3C,
18B3D,hor
18B3E,hor
18B3F,
18B40,ai
18B41,
18B42,ha
18B43,RECORD
18B44,RECORD
18B45,qa
18B46,
18B47,
18B48,
18B49,
18B4A,xo
18B4B,
18B4C,uni
18B4D,bai
18B4E,bai
18B4F,iáng
18B50,ETERNAL
18B51,lu
18B52,
18B53,
18B54,
18B55,eu
18B56,us
18B57,rí
18B58,w
18B59,ong
18B5A,EAST
18B5B,ên
18B5C,tir
18B5D,hong
18B5E,ho
18B5F,
18B60,
18B61,
18B62,ii
18B63,
18B64,
18B65,
18B66,TENT
18B67,MONTH
18B68,üe
18B69,sï
18B6A,ra
18B6B,ra
18B6C,SIX
18B6D,SIX
18B6E,
18B6F,jï
18B70,
18B71,zu
18B72,ó
18B73,
18B74,ud
18B75,
18B76,ud
18B77,ung
18B78,oi
18B79,
18B7A,e
18B7B,
18B7C,
18B7D,ge
18B7E,ï
18B7F,î
18B80,SOME
18B81,
18B82,
18B83,qú
18B84,qú
18B85,al
18B86,
18B87,ad
18B88,én
18B89,deu
18B8A,cu
18B8B,us
18B8C,jïh
18B8D,
18B8E,én
18B8F,dz
18B90,
18B91,
18B92,úr
18B93,
18B94,
18B95,
18B96,
18B97,po
18B98,áng
18B99,
18B9A,
18B9B,k
18B9C,
18B9D,GOLD
18B9E,GOLD
18B9F,to
18BA0,bun
18BA1,iú
18BA2,án
18BA3,
18BA4,
18BA5,
18BA6,SOUTH
18BA7,p
18BA8,
18BA9,
18BAA,pú
18BAB,co
18BAC,
18BAD,SEVENTY
18BAE,SEVENTY
18BAF,il
18BB0,ing
18BB1,
18BB2,
18BB3,
18BB4,
18BB5,COMPOSE
18BB6,hó
18BB7,COMPOSE
18BB8,
18BB9,COMPOSE
18BBA,tum
18BBB,
18BBC,
18BBD,b
18BBE,tum
18BBF,lo
18BC0,iang
18BC1,she
18BC2,
18BC3,TEXT
18BC4,
18BC5,
18BC6,go
18BC7,
18BC8,
18BC9,
18BCA,
18BCB,
18BCC,
18BCD,yo
18BCE,ón
18BCF,qi
18BD0,üen
18BD1,
18BD2,
18BD3,
18BD4,
18BD5,
18BD6,
18BD7,gu
18BD8,gu
18BD9,THREE
18BDA,THREE
18BDB,qo
18BDC,qó
18BDD,MR
18BDE,da
18BDF,uh
18BE0,uh
18BE1,eng
18BE2,as
18BE3,bú
18BE4,
18BE5,ku
18BE6,
18BE7,
18BE8,dú
18BE9,shï
18BEA,ku
18BEB,
18BEC,
18BED,
18BEE,
18BEF,
18BF0,iúng
18BF1,
18BF2,car
18BF3,car
18BF4,am
18BF5,am
18BF6,o
18BF7,
18BF8,TEN THOUSAND
18BF9,SMALL
18BFA,a
18BFB,
18BFC,
18BFD,mó
18BFE,MRS
18BFF,
18C00,
18C01,CHIEF
18C02,bu
18C03,
18C04,ah
18C05,
18C06,ang
18C07,
18C08,
18C09,
18C0A,tu
18C0B,
18C0C,
18C0D,de
18C0E,li
18C0F,THOUSAND (ming)
18C10,lu
18C11,lu
18C12,aú
18C13,mú
18C14,ñ
18C15,ñ
18C16,mu
18C17,mu
18C18,bi
18C19,ü
18C1A,
18C1B,
18C1C,lú
18C1D,ta
18C1E,
18C1F,
18C20,
18C21,kú
18C22,ta
18C23,ri
18C24,
18C25,ur
18C26,du
18C27,BORN
18C28,LI
18C29,pu
18C2A,fu
18C2B,ú
18C2C,heu
18C2D,n
18C2E,ô
18C2F,TEN
18C30,TEN
18C31,
18C32,HEAVEN
18C33,YOUNG
18C34,d
18C35,mû
18C36,
18C37,s
18C38,
18C39,qu
18C3A,t
18C3B,dû
18C3C,ô
18C3D,or
18C3E,
18C3F,em
18C40,em
18C41,z
18C42,hur
18C43,t
18C44,l
18C45,
18C46,ui
18C47,ui
18C48,
18C49,
18C4A,ng
18C4B,ui
18C4C,SIXTY
18C4D,SIXTY
18C4E,SIXTY
18C4F,xe
18C50,er
18C51,ém
18C52,ie
18C53,ie
18C54,hong
18C55,ün
18C56,zh
18C57,neu
18C58,nai
18C59,QUEEN
18C5A,g
18C5B,ia
18C5C,
18C5D,gi
18C5E,ji
18C5F,fen
18C60,
18C61,
18C62,ih
18C63,
18C64,i
18C65,x
18C66,er
18C67,
18C68,WINE
18C69,
18C6A,ud
18C6B,ung
18C6C,ung
18C6D,oi
18C6E,e
18C6F,ge
18C70,d
18C71,
18C72,í
18C73,ï
18C74,dz
18C75,udu
18C76,úng
18C77,p+ong
18C78,én
18C79,iau
18C7A,
18C7B,
18C7C,
18C7D,
18C7E,
18C7F,qid
18C80,ul
18C81,zhung
18C82,FOUR
18C83,FOUR
18C84,REGION
18C85,REGION
18C86,û
18C87,GREAT
18C88,tai
18C89,ca
18C8A,
18C8B,oh
18C8C,dau
18C8D,
18C8E,
18C8F,
18C90,ai
18C91,ar
18C92,
18C93,aû
18C94,
18C95,an
18C96,zhi
18C97,
18C98,xa
18C99,
18C9A,u
18C9B,m
18C9C,m
18C9D,TWO
18C9E,TWO
18C9F,
18CA0,
18CA1,
18CA2,ir
18CA3,iû
18CA4,na
18CA5,
18CA6,en
18CA7,SEVEN
18CA8,SEVEN
18CA9,MANAGE /KNOW
18CAA,xua
18CAB,ún
18CAC,FORTY
18CAD,gi
18CAE,ju
18CAF,ju
18CB0,ju
18CB1,ja
18CB2,hu
18CB3,ji
18CB4,ji
18CB5,on
18CB6,FIFTY
18CB7,
18CB8,
18CB9,
18CBA,DAY
18CBB,giu
18CBC,au
18CBD,ci
18CBE,ki
18CBF,
18CC0,THIRTY
18CC1,
18CC2,
18CC3,to
18CC4,da
18CC5,
18CC6,
18CC7,do
18CC8,SEAL
18CC9,én
18CCA,da
18CCB,EIGHTY
18CCC,THIRTY
18CCD,iá
18CCE,
18CCF,LUCK
18CD0,LUCK
18CD1,LUCK
18CD2,LUCK
18CD3,
18CD4,bú
18CD5,un
18CD6,
18CD7,
18CD8,
18CD9,
18CDA,
18CDB,
18CDC,
18CDD,
18CDE,
18CDF,
18CE0,
18CE1,
18CE2,
18CE3,
18CE4,
18CE5,
18CE6,
18CE7,
18CE8,
18CE9,
18CEA,
18CEB,
18CEC,
18CED,
18CEE,
18CEF,
18CF0,
18CF1,
18CF2,
18CF3,
18CF4,
18CF5,
18CF6,
18CF7,
18CF8,
18CF9,
18CFA,
18CFB,
18CFC,
18CFD,
18CFE,
18CFF,[missing or illegible character]
