Dc,Short,Name (!=deprecated),◌,⇆,Aa,Type,Script,"Aliases; >=xref, <=decompos., :=Dc syntax",Description,
1114112,0,Null,0,BN,,Cc,Controls,,,
1114113,1,At,0,ON,,Po,Symbols,,,
1114114,2,Begin separator,0,BN,,!Cx,Semantic,,Begin a DCE separator string.,
1114115,3,End separator,0,BN,,!Cx,Semantic,,End a DCE separator string.,
1114116,4,Range,0,BN,,!Cx,Semantic,,The DCE range character. Used to represent ranges in DCE. See the wiki for more information.,
1114117,5,Record summation,0,BN,,!Cx,Semantic,,Used to denote the union of two records. See the wiki for more information.,
1114118,6,Begin number,0,BN,,!Cx,Semantic,,Begin a DCE number.,
1114119,7,End number,0,BN,,!Cx,Semantic,,End a DCE number.,
1114120,8,Unknown value,0,BN,,!Cx,Semantic,,Substitution character for an unknown value.,
1114121,9,Gregorian calendar identifier,0,BN,,!Cx,Semantic,,Internal DCE calendar identifier for the Gregorian calendar.,
1114122,10,Positive,0,BN,,!Cx,Semantic,,Positive value (syntactical representation — This is not the + character),
1114123,11,Negative,0,BN,,!Cx,Semantic,,Negative (syntactical representation — This is not the − character),
1114124,12,Decimal point,0,ON,,Sm,Mathematics,"dot, point, >32",,
1114125,13,Full drop back,0,BN,,!Cx,DCE,,Drop back to the core sheet (no meaning in EDF),
1114126,14,Drop back,0,BN,,!Cx,DCE,,Drop back to the enclosing sheet (no meaning in EDF),
1114127,15,Begin DCE content,0,BN,,!Cx,DCE,,Begins a DCE region (no meaning in EDF),
1114128,16,DCE Version Selectors,0,BN,,!Cx,DCE sheets,,,
1114129,17,No mapping,0,BN,,Cn,Noncharacters,,Processing use only (not for interchange),
1114130,18,Space,0,WS,,Zs,Punctuation,word separator,"Sometimes used as a visible word separator, e.g. in Anoej",
1114131,19,Exclamation,0,ON,,Po,Punctuation,,,
1114132,20,Double quotation mark,0,ON,,Po,Punctuation,,,
1114133,21,Number sign,0,ET,,Po,Symbols,"octothorpe, hash, crosshatch",,
1114134,22,Dollar,0,ET,,Sc,Financial,,,
1114135,23,Percent,0,ET,,Po,Symbols,,,
1114136,24,And,0,ON,,Po,Punctuation,,,
1114137,25,Apostrophe,0,ON,,Po,Punctuation,,,
1114138,26,Left parenthesis,0,ON,,Ps,Punctuation,left bracket,,
1114139,27,Right parenthesis,0,ON,,Pe,Punctuation,right bracket,,
1114140,28,Asterisk,0,ON,,Po,Symbols,star,,
1114141,29,Plus,0,ES,,Sm,Mathematics,,,
1114142,30,Comma,0,CS,,Po,Punctuation,,,
1114143,31,Hyphen,0,ES,,Pd,Punctuation,,,
1114144,32,Full stop,0,CS,,Po,Punctuation,period,,
1114145,33,Solidus,0,CS,,Po,Symbols,"virgule, stroke, slash",,
1114146,34,Zero,0,EN,,Nd,Mathematics,,,
1114147,35,One,0,EN,,Nd,Mathematics,,,
1114148,36,Two,0,EN,,Nd,Mathematics,,,
1114149,37,Three,0,EN,,Nd,Mathematics,,,
1114150,38,Four,0,EN,,Nd,Mathematics,,,
1114151,39,Five,0,EN,,Nd,Mathematics,,,
1114152,40,Six,0,EN,,Nd,Mathematics,,,
1114153,41,Seven,0,EN,,Nd,Mathematics,,,
1114154,42,Eight,0,EN,,Nd,Mathematics,,,
1114155,43,Nine,0,EN,,Nd,Mathematics,,,
1114156,44,Colon,0,CS,,Po,Punctuation,,,
1114157,45,Semicolon,0,ON,,Po,Punctuation,,,
1114158,46,Less than,0,ON,,Sm,Mathematics,,,
1114159,47,Equals,0,ON,,Sm,Mathematics,,,
1114160,48,Greater than,0,ON,,Sm,Mathematics,,,
1114161,49,Question,0,ON,,Po,Punctuation,,,
1114162,50,Latin Letter Uppercase A,0,L,82,Lu,Latin,,,
1114163,51,Latin Letter Uppercase B,0,L,83,Lu,Latin,,,
1114164,52,Latin Letter Uppercase C,0,L,84,Lu,Latin,,,
1114165,53,Latin Letter Uppercase D,0,L,85,Lu,Latin,,,
1114166,54,Latin Letter Uppercase E,0,L,86,Lu,Latin,,,
1114167,55,Latin Letter Uppercase F,0,L,87,Lu,Latin,,,
1114168,56,Latin Letter Uppercase G,0,L,88,Lu,Latin,,,
1114169,57,Latin Letter Uppercase H,0,L,89,Lu,Latin,,,
1114170,58,Latin Letter Uppercase I,0,L,90,Lu,Latin,,Special casing considerations for Turkish,
1114171,59,Latin Letter Uppercase J,0,L,91,Lu,Latin,,,
1114172,60,Latin Letter Uppercase K,0,L,92,Lu,Latin,,,
1114173,61,Latin Letter Uppercase L,0,L,93,Lu,Latin,,,
1114174,62,Latin Letter Uppercase M,0,L,94,Lu,Latin,,,
1114175,63,Latin Letter Uppercase N,0,L,95,Lu,Latin,,,
1114176,64,Latin Letter Uppercase O,0,L,96,Lu,Latin,,,
1114177,65,Latin Letter Uppercase P,0,L,97,Lu,Latin,,,
1114178,66,Latin Letter Uppercase Q,0,L,98,Lu,Latin,,,
1114179,67,Latin Letter Uppercase R,0,L,99,Lu,Latin,,,
1114180,68,Latin Letter Uppercase S,0,L,100,Lu,Latin,,,
1114181,69,Latin Letter Uppercase T,0,L,101,Lu,Latin,,,
1114182,70,Latin Letter Uppercase U,0,L,102,Lu,Latin,,,
1114183,71,Latin Letter Uppercase V,0,L,103,Lu,Latin,,,
1114184,72,Latin Letter Uppercase W,0,L,104,Lu,Latin,,,
1114185,73,Latin Letter Uppercase X,0,L,105,Lu,Latin,,,
1114186,74,Latin Letter Uppercase Y,0,L,106,Lu,Latin,,,
1114187,75,Latin Letter Uppercase Z,0,L,107,Lu,Latin,,,
1114188,76,Left bracket,0,ON,,Ps,Punctuation,left square bracket,,
1114189,77,Reversed solidus,0,ON,,Po,Symbols,backslash,,
1114190,78,Right bracket,0,ON,,Pe,Punctuation,right square bracket,,
1114191,79,Spacing circumflex,0,ON,,Sk,Symbols,,,
1114192,80,Underscore,0,ON,,Pc,Symbols,low line,,
1114193,81,Spacing grave,0,ON,,Sk,Symbols,,,
1114194,82,Latin Letter Lowercase A,0,L,50,Ll,Latin,,,
1114195,83,Latin Letter Lowercase B,0,L,51,Ll,Latin,,,
1114196,84,Latin Letter Lowercase C,0,L,52,Ll,Latin,,,
1114197,85,Latin Letter Lowercase D,0,L,53,Ll,Latin,,,
1114198,86,Latin Letter Lowercase E,0,L,54,Ll,Latin,,,
1114199,87,Latin Letter Lowercase F,0,L,55,Ll,Latin,,,
1114200,88,Latin Letter Lowercase G,0,L,56,Ll,Latin,,,
1114201,89,Latin Letter Lowercase H,0,L,57,Ll,Latin,,,
1114202,90,Latin Letter Lowercase I,0,L,58,Ll,Latin,,Special casing considerations for Turkish,
1114203,91,Latin Letter Lowercase J,0,L,59,Ll,Latin,,,
1114204,92,Latin Letter Lowercase K,0,L,60,Ll,Latin,,,
1114205,93,Latin Letter Lowercase L,0,L,61,Ll,Latin,,,
1114206,94,Latin Letter Lowercase M,0,L,62,Ll,Latin,,,
1114207,95,Latin Letter Lowercase N,0,L,63,Ll,Latin,,,
1114208,96,Latin Letter Lowercase O,0,L,64,Ll,Latin,,,
1114209,97,Latin Letter Lowercase P,0,L,65,Ll,Latin,,,
1114210,98,Latin Letter Lowercase Q,0,L,66,Ll,Latin,,,
1114211,99,Latin Letter Lowercase R,0,L,67,Ll,Latin,,,
1114212,100,Latin Letter Lowercase S,0,L,68,Ll,Latin,,,
1114213,101,Latin Letter Lowercase T,0,L,69,Ll,Latin,,,
1114214,102,Latin Letter Lowercase U,0,L,70,Ll,Latin,,,
1114215,103,Latin Letter Lowercase V,0,L,71,Ll,Latin,,,
1114216,104,Latin Letter Lowercase W,0,L,72,Ll,Latin,,,
1114217,105,Latin Letter Lowercase X,0,L,73,Ll,Latin,,,
1114218,106,Latin Letter Lowercase Y,0,L,74,Ll,Latin,,,
1114219,107,Latin Letter Lowercase Z,0,L,75,Ll,Latin,,,
1114220,108,Left brace,0,ON,,Ps,Punctuation,left curly bracket,,
1114221,109,Vertical line,0,ON,,Sm,Symbols,"vertical bar, pipe",,
1114222,110,Right brace,0,ON,,Pe,Punctuation,right curly bracket,,
1114223,111,Tilde punctuation,0,ON,,Sm,Symbols,,,
1114224,112,DCE Version Selector 3.0a,0,BN,,!Cx,DCE versions,,,
1114225,113,End DCE content,0,BN,,!Cx,DCE,,,
1114226,114,Begin unbounded content,0,BN,,!Cx,Semantic,,"This denotes content that is not ""bound"" (given a context of a page, etc. to be within) — in other words it is what a plain text file is to a word processing file with page formatting — content with no context given for presenting it",
1114227,115,End unbounded content,0,BN,,!Cx,Semantic,,,
1114228,116,Backspace,0,BN,,Cc,Controls,,,
1114229,117,Horizontal tabulation,0,BN,,Cc,Punctuation,"character tabulation, tab",,
1114230,118,Ambiguous vertical tabulation,0,BN,,Cc,Punctuation,<ambiguous>257 119,Also used as a line separator by Microsoft Word and Powerpoint which use it to contrast with the character used as a paragraph separator (sources: http://stackoverflow.com/questions/3380538/what-is-a-vertical-tab http://unicode.org/reports/tr13/tr13-9.html ),
1114231,119,New line,0,B,,Cc,Punctuation,"line feed, end of line,<equiv>240 239","This is the Unicode U+0085. May semantically indicate a new paragraph. To indicate unambiguously a new line without a new paragraph, use 295 New line within paragraph. To indicate unambiguously a new paragraph, use 294 Paragraph separator.",
1114232,120,Ambiguous line feed,0,B,,Cc,Punctuation,<ambiguous>119 239,This is the ASCII/Unicode 10 (0x0A).,
1114233,121,Ambiguous carriage return,0,B,,Cc,Punctuation,<ambiguous>119 240 294,This is the ASCII/Unicode 13 (0x0D). Used as a paragraph separator by Microsoft Word and Powerpoint (source: https://web.archive.org/web/20080325092316/http://support.microsoft.com/kb/59096).,
1114234,122,Variant Selector 1,0,NSM,,Mn,Variant selectors,,,
1114235,123,Variant Selector 2,0,NSM,,Mn,Variant selectors,,,
1114236,124,Variant Selector 3,0,NSM,,Mn,Variant selectors,,,
1114237,125,Variant Selector 4,0,NSM,,Mn,Variant selectors,,,
1114238,126,Variant Selector 5,0,NSM,,Mn,Variant selectors,,,
1114239,127,Base 64 encapsulation digit 0,0,BN,,!Cx,Encapsulation,,,
1114240,128,Base 64 encapsulation digit 1,0,BN,,!Cx,Encapsulation,,,
1114241,129,Base 64 encapsulation digit 2,0,BN,,!Cx,Encapsulation,,,
1114242,130,Base 64 encapsulation digit 3,0,BN,,!Cx,Encapsulation,,,
1114243,131,Base 64 encapsulation digit 4,0,BN,,!Cx,Encapsulation,,,
1114244,132,Base 64 encapsulation digit 5,0,BN,,!Cx,Encapsulation,,,
1114245,133,Base 64 encapsulation digit 6,0,BN,,!Cx,Encapsulation,,,
1114246,134,Base 64 encapsulation digit 7,0,BN,,!Cx,Encapsulation,,,
1114247,135,Base 64 encapsulation digit 8,0,BN,,!Cx,Encapsulation,,,
1114248,136,Base 64 encapsulation digit 9,0,BN,,!Cx,Encapsulation,,,
1114249,137,Base 64 encapsulation digit 10,0,BN,,!Cx,Encapsulation,,,
1114250,138,Base 64 encapsulation digit 11,0,BN,,!Cx,Encapsulation,,,
1114251,139,Base 64 encapsulation digit 12,0,BN,,!Cx,Encapsulation,,,
1114252,140,Base 64 encapsulation digit 13,0,BN,,!Cx,Encapsulation,,,
1114253,141,Base 64 encapsulation digit 14,0,BN,,!Cx,Encapsulation,,,
1114254,142,Base 64 encapsulation digit 15,0,BN,,!Cx,Encapsulation,,,
1114255,143,Base 64 encapsulation digit 16,0,BN,,!Cx,Encapsulation,,,
1114256,144,Base 64 encapsulation digit 17,0,BN,,!Cx,Encapsulation,,,
1114257,145,Base 64 encapsulation digit 18,0,BN,,!Cx,Encapsulation,,,
1114258,146,Base 64 encapsulation digit 19,0,BN,,!Cx,Encapsulation,,,
1114259,147,Base 64 encapsulation digit 20,0,BN,,!Cx,Encapsulation,,,
1114260,148,Base 64 encapsulation digit 21,0,BN,,!Cx,Encapsulation,,,
1114261,149,Base 64 encapsulation digit 22,0,BN,,!Cx,Encapsulation,,,
1114262,150,Base 64 encapsulation digit 23,0,BN,,!Cx,Encapsulation,,,
1114263,151,Base 64 encapsulation digit 24,0,BN,,!Cx,Encapsulation,,,
1114264,152,Base 64 encapsulation digit 25,0,BN,,!Cx,Encapsulation,,,
1114265,153,Base 64 encapsulation digit 26,0,BN,,!Cx,Encapsulation,,,
1114266,154,Base 64 encapsulation digit 27,0,BN,,!Cx,Encapsulation,,,
1114267,155,Base 64 encapsulation digit 28,0,BN,,!Cx,Encapsulation,,,
1114268,156,Base 64 encapsulation digit 29,0,BN,,!Cx,Encapsulation,,,
1114269,157,Base 64 encapsulation digit 30,0,BN,,!Cx,Encapsulation,,,
1114270,158,Base 64 encapsulation digit 31,0,BN,,!Cx,Encapsulation,,,
1114271,159,Base 64 encapsulation digit 32,0,BN,,!Cx,Encapsulation,,,
1114272,160,Base 64 encapsulation digit 33,0,BN,,!Cx,Encapsulation,,,
1114273,161,Base 64 encapsulation digit 34,0,BN,,!Cx,Encapsulation,,,
1114274,162,Base 64 encapsulation digit 35,0,BN,,!Cx,Encapsulation,,,
1114275,163,Base 64 encapsulation digit 36,0,BN,,!Cx,Encapsulation,,,
1114276,164,Base 64 encapsulation digit 37,0,BN,,!Cx,Encapsulation,,,
1114277,165,Base 64 encapsulation digit 38,0,BN,,!Cx,Encapsulation,,,
1114278,166,Base 64 encapsulation digit 39,0,BN,,!Cx,Encapsulation,,,
1114279,167,Base 64 encapsulation digit 40,0,BN,,!Cx,Encapsulation,,,
1114280,168,Base 64 encapsulation digit 41,0,BN,,!Cx,Encapsulation,,,
1114281,169,Base 64 encapsulation digit 42,0,BN,,!Cx,Encapsulation,,,
1114282,170,Base 64 encapsulation digit 43,0,BN,,!Cx,Encapsulation,,,
1114283,171,Base 64 encapsulation digit 44,0,BN,,!Cx,Encapsulation,,,
1114284,172,Base 64 encapsulation digit 45,0,BN,,!Cx,Encapsulation,,,
1114285,173,Base 64 encapsulation digit 46,0,BN,,!Cx,Encapsulation,,,
1114286,174,Base 64 encapsulation digit 47,0,BN,,!Cx,Encapsulation,,,
1114287,175,Base 64 encapsulation digit 48,0,BN,,!Cx,Encapsulation,,,
1114288,176,Base 64 encapsulation digit 49,0,BN,,!Cx,Encapsulation,,,
1114289,177,Base 64 encapsulation digit 50,0,BN,,!Cx,Encapsulation,,,
1114290,178,Base 64 encapsulation digit 51,0,BN,,!Cx,Encapsulation,,,
1114291,179,Base 64 encapsulation digit 52,0,BN,,!Cx,Encapsulation,,,
1114292,180,Base 64 encapsulation digit 53,0,BN,,!Cx,Encapsulation,,,
1114293,181,Base 64 encapsulation digit 54,0,BN,,!Cx,Encapsulation,,,
1114294,182,Base 64 encapsulation digit 55,0,BN,,!Cx,Encapsulation,,,
1114295,183,Base 64 encapsulation digit 56,0,BN,,!Cx,Encapsulation,,,
1114296,184,Base 64 encapsulation digit 57,0,BN,,!Cx,Encapsulation,,,
1114297,185,Base 64 encapsulation digit 58,0,BN,,!Cx,Encapsulation,,,
1114298,186,Base 64 encapsulation digit 59,0,BN,,!Cx,Encapsulation,,,
1114299,187,Base 64 encapsulation digit 60,0,BN,,!Cx,Encapsulation,,,
1114300,188,Base 64 encapsulation digit 61,0,BN,,!Cx,Encapsulation,,,
1114301,189,Base 64 encapsulation digit 62,0,BN,,!Cx,Encapsulation,,,
1114302,190,Base 64 encapsulation digit 63,0,BN,,!Cx,Encapsulation,,,
1114303,191,Begin encapsulated UTF-8,0,BN,,!Cx,Encapsulation,,Begin Base 64 encapsulated UTF-8,
1114304,192,End encapsulated UTF-8,0,BN,,!Cx,Encapsulation,,End Base 64 encapsulated UTF-8,
1114305,193,Form feed,0,WS,,Cc,Controls,,,
1114306,194,DCE Version Selector 3.01a,0,BN,,!Cx,DCE versions,,,
1114307,195,Base 64 encapsulation padding character,0,BN,,!Cx,Encapsulation,,,
1114308,196,Variant Selectors,0,BN,,!Cx,DCE sheets,,,
1114309,197,Semantic Records,0,BN,,!Cx,DCE sheets,,,
1114310,198,Mathematics,0,BN,,!Cx,DCE sheets,,,
1114311,199,Punctuation and Whitespace,0,BN,,!Cx,DCE sheets,,,
1114312,200,Begin keyed embed fragment,0,BN,,!Cx,Encapsulation,,"This Dc is used for embedding arbitrary keyed ID/data pairs in a document. Standard structure: Followed by base64-encoded data identifying a fragment, then Dc 202 (End keyed embed ID sequence), then by the base64-encoded fragment itself, then by Dc 201 (End keyed embed fragment).",
1114313,201,End keyed embed fragment,0,BN,,!Cx,Encapsulation,,See description for 200,
1114314,202,End keyed embed ID sequence,0,BN,,!Cx,Encapsulation,,See description for 200,
1114315,203,Begin encapsulated binary data,0,BN,,!Cx,Encapsulation,,"Arbitrary binary data (base64 encoded, no semantic significance assigned to it)",
1114316,204,End encapsulated binary data,0,BN,,!Cx,Encapsulation,,See description for 203,
1114317,205,DCE Version Selector 3.03a,0,BN,,!Cx,DCE versions,,,
1114318,206,Unicode replacement character,0,ON,,So,Miscellaneous,,Used to replace an incoming character whose value is unknown or unrepresentable in Unicode,
1114319,207,Replacement character for unavailable Dc,0,ON,,So,Miscellaneous,,Used to replace an incoming character whose value is not mapped to a Dc (document component),
1114320,208,Start of heading,0,BN,,Cc,Controls,,,
1114321,209,Start of text,0,BN,,Cc,Controls,,,
1114322,210,End of text,0,BN,,Cc,Controls,,,
1114323,211,End of transmission,0,BN,,Cc,Controls,,,
1114324,212,Enquiry,0,BN,,Cc,Controls,,,
1114325,213,Acknowledge,0,BN,,Cc,Controls,,,
1114326,214,Bell,0,BN,,Cc,Controls,,,
1114327,215,Shift out,0,BN,,Cc,Controls,,,
1114328,216,Shift in,0,BN,,Cc,Controls,,,
1114329,217,Data link escape,0,BN,,Cc,Controls,,,
1114330,218,Device control one,0,BN,,Cc,Controls,"xon, resume transmission",,
1114331,219,Device control two,0,BN,,Cc,Controls,,,
1114332,220,Device control three,0,BN,,Cc,Controls,"xoff, pause transmission",,
1114333,221,Device control four,0,BN,,Cc,Controls,,,
1114334,222,Negative acknowledge,0,BN,,Cc,Controls,,,
1114335,223,Synchronous idle,0,BN,,Cc,Controls,,,
1114336,224,End of transmission block,0,BN,,Cc,Controls,,,
1114337,225,Cancel,0,BN,,Cc,Controls,,,
1114338,226,End of medium,0,BN,,Cc,Controls,,,
1114339,227,Substitute,0,BN,,Cc,Controls,,,
1114340,228,Escape,0,BN,,Cc,Controls,,,
1114341,229,Information separator four,0,B,,Cc,Controls,,,
1114342,230,Information separator three,0,B,,Cc,Controls,,,
1114343,231,Information separator two,0,B,,Cc,Controls,,,
1114344,232,Information separator one,0,S,,Cc,Controls,,,
1114345,233,Hyphen-minus,0,ES,,Pd,Punctuation,<ambiguous>31 237,,
1114346,234,Delete,0,BN,,Cc,Controls,,,
1114347,235,Begin document,0,BN,,!Cx,Semantic,,Beginning of a document,
1114348,236,End document,0,BN,,!Cx,Semantic,,,
1114349,237,Minus,0,ES,,Sm,Mathematics,,,
1114350,238,Full stop/decimal point,0,CS,,Po,Punctuation,<ambiguous>12 32,,
1114351,239,Line feed,0,B,,Cc,Punctuation,,"This character instructs a terminal to move the cursor to the beginning of the line horizontally without advancing to the next line vertically. This character is not directly equivalent to ASCII line feed, because that is sometimes used for a combined new line and carriage return. For representing the ASCII line feed, use Dc 120.",
1114352,240,Carriage return,0,B,,Cc,Punctuation,,"This character instructs a terminal to advance to the next line vertically without moving the cursor to the beginning of the line horizontally. This character is not directly equivalent to ASCII carriage return, because that is sometimes used for a combined new line and carriage return. For representing the ASCII carriage return, use Dc 121.",
1114353,241,Switch to Document mode,0,BN,,!Cx,EL Syntax,,Indicates that the following contents expect a graphical raster display output.,
1114354,242,Switch to Library mode,0,BN,,!Cx,EL Syntax,,"Indicates that the following contents provide resources (such as routine, class, or other definitions) for consumption by other documents.",
1114355,243,Switch to Structured mode,0,BN,,!Cx,EL Syntax,,Indicates that the following contents represent structured data.,
1114356,244,Switch to Terminal mode,0,BN,,!Cx,EL Syntax,,Indicates that the following contents expect a character-based terminal display output.,
1114357,245,Switch to Web mode,0,BN,,!Cx,EL Syntax,,Indicates that the following contents are designed to respond to a Web request (in a manner similar to a PHP or CGI script).,
1114358,246,Begin single-line source comment on current line,0,BN,,!Cx,EL Miscellaneous,:~ [^248 255]+ 248,"Begins a comment that, when represented in EM (Ember Language source) format, should be displayed as a “#”-style comment. All characters except 248 and 255 will be ignored. Use 255 248 to represent 248 within the comment, and 255 255 to represent 255 within the comment.",
1114359,247,Begin single-line source comment on new line,0,BN,,!Cx,EL Miscellaneous,:~ [^248 255]+ 248,"As with 247, but starting on a new line in the source form.",
1114360,248,End single-line source comment,0,BN,,!Cx,EL Miscellaneous,:[246 247] [^248 255]+ ~,Terminates a comment region begun by 246 or 247.,
1114361,249,Begin block source comment on current line,0,BN,,!Cx,EL Miscellaneous,:~ [^251 255]+ 251,"As with 248, but creating a “/*  */”-style block comment.",
1114362,250,Begin block source comment on new line,0,BN,,!Cx,EL Miscellaneous,:~ [^251 255]+ 251,"As with 250, but starting on a new line in the source form.",
1114363,251,End block source comment,0,BN,,!Cx,EL Miscellaneous,:[249 250] [^251 255]+ ~,Terminates a comment region begun by 249 or 250.,
1114364,252,Join to next source line,0,BN,,!Cx,EL Miscellaneous,,Indicates that a line break that would normally be present at this point in source form should be instead represented by a ;.,
1114365,253,Split source line here,0,BN,,!Cx,EL Miscellaneous,,"Indicates that the current logical line should be split into two physical lines in source form, joined using \.",
1114366,254,Braced block in source,0,BN,,!Cx,EL Miscellaneous,,"Indicates that the following logical block of statements should be bundled onto a single line of the source, joined using ; and bundled using { and }.",
1114367,255,Ignore following Dc,0,BN,,!Cx,Miscellaneous,,Indicates that the next character should be ignored.,
1114368,256,void lang.say(String),0,BN,,!Cx,EL Routines,,"Send the specified string to the current output context, adding a final line feed if one is not present",
1114369,257,Vertical tabulation,0,BN,,Cc,Punctuation,line tabulation,,
1114370,258,Begin parameter,0,BN,,!Cx,EL Syntax,:~ [260:] 259,,
1114371,259,End parameter,0,BN,,!Cx,EL Syntax,:258 [260:] ~,,
1114372,260,Begin literal value,0,BN,,!Cx,EL Syntax,:~ [262:] [^261 255]+ 261,,
1114373,261,End literal value,0,BN,,!Cx,EL Syntax,:260 [262:] [^261 255]+ ~,,
1114374,262,Begin type definition,0,BN,,!Cx,EL Syntax,:~ [264] 263,,
1114375,263,End type definition,0,BN,,!Cx,EL Syntax,:262 [264] ~,,
1114376,264,Built-in type identifier: String,0,BN,,!Cx,EL Types,<approx>(f80),A specific case of “String” as a format (short-style format ID 80),
1114377,265,void lang.invoke(String),0,BN,,!Cx,EL Routines,,Invoke the routine with the given name,
1114378,266,void lang.block,0,BN,,!Cx,EL Routines,,Indicates a division between blocks of statements,
1114379,267,Whitespace in source,0,BN,,!Cx,EL Miscellaneous,:([statement] ~) | (~ ~) | (~ [statement]),"Indicates that in source form, there is FIXME: following amount of whitespace.", a blank line should be present here
1114380,268,"void lang.assign(identifier, value)",0,BN,,!Cx,EL Routines,,,
1114381,269,Assignment operator,0,BN,,!Cx,EL Operators,":[identifier $ident] ~ [value $val] : lang.assign($ident, $val)",,
1114382,270,Begin identifier,0,BN,,!Cx,EL Miscellaneous,,,
1114383,271,End identifier,0,BN,,!Cx,EL Miscellaneous,,,
1114384,272,Leave block level,0,BN,,!Cx,EL Miscellaneous,,Indicates the point at which an indented block is left and execution returns to the enclosing block,
1114385,273,Parameter modifier: Parameter is optional,0,BN,,!Cx,EL Miscellaneous,,,
1114386,274,Parameter modifier: Parameter should be slurpy,0,BN,,!Cx,EL Miscellaneous,,,
1114387,275,Built-in type identifier: * (Object or any subtype),0,BN,,!Cx,EL Types,,,
1114388,276,Reference named object,0,BN,,!Cx,EL Miscellaneous,:~ [identifier] | ( [type] [identifier] ),,
1114389,277,Reference list element,0,BN,,!Cx,EL Miscellaneous,:( [list] | [string] ) ~ [identifier],,
1114390,278,Built-in type identifier: Number,0,BN,,!Cx,EL Types,,,
1114391,279,Routine invocation,0,BN,,!Cx,EL Miscellaneous,:~ [identifier],"Invoke the specified routine (unlike lang.invoke, this form of invocation is not shown in the EM source form of the document FIXME: clarify this??)",
1114392,280,Built-in type identifier: Routine,0,BN,,!Cx,EL Types,,,
1114393,281,Association football,0,ON,,So,Symbols,"soccer ball, foot ball",,
1114394,282,"Association football, text style",0,ON,,So,Symbols,<style>281,,
1114395,283,"Association football, emoji style",0,ON,,So,Emoji,<style>281,,
1114396,284,"Association football, emoji style, bouncing",0,ON,,So,Emoji,<approx>283,,
1114397,285,"Association football, emoji style, rolling",0,ON,,So,Emoji,<approx>283,,
1114398,286,Begin italicized text,0,BN,,!Cx,Styling,,,
1114399,287,End italicized text,0,BN,,!Cx,Styling,,,
1114400,288,Red,0,BN,,!Cx,Colors,,,
1114401,289,Green,0,BN,,!Cx,Colors,,,
1114402,290,Blue,0,BN,,!Cx,Colors,,,
1114403,291,Yellow,0,BN,,!Cx,Colors,,,
1114404,292,Black,0,BN,,!Cx,Colors,,,
1114405,293,White,0,BN,,!Cx,Colors,,,
1114406,294,New line within paragraph,0,WS,,Zl,Punctuation,,"This is the Unicode U+2028. It refers to a non-paragraph-separator newline, usually within a paragraph.",
1114407,295,Paragraph separator,0,B,,Zp,Punctuation,,This is the Unicode U+2029.,
1114408,296,Next number is a Dc-equivalent reference to a local node/document,0,BN,,!Cx,Miscellaneous,:~ [number],,
1114409,297,Next number is a Dc-equivalent reference to a global node to which this local node was moved.,0,BN,,!Cx,Miscellaneous,:~ [number],,
1114410,298,Begin associativity group,0,BN,,!Cx,Semantic,,Equivalent to an opening parenthesis in many languages or in arithmetic expressions.,
1114411,299,End associativity group,0,BN,,!Cx,Semantic,,Equivalent to a closing parenthesis in many languages or in arithmetic expressions.,
1114412,300,Type union,0,BN,,!Cx,Semantic,:~ [type] [type],Indicates that two types are both applicable to data.,
1114413,301,Type transformation,0,BN,,!Cx,Semantic,:~ [type] [type:transformation],Describes a transformation operation as part of a type description. Only “transformation” formats would make sense to use with this.,
1114414,302,Type conversion,0,BN,,!Cx,Semantic,:~ [type] [type],Describes a conversion operation from one type to another.,
1114415,303,Type transmutation,0,BN,,!Cx,Semantic,:~ [type] [type],Describes a transmutation operation (reinterpreting one type as another without converting).,
1114416,304,Begin set text color,0,BN,,!Cx,Styling,,,
1114417,305,End set text color,0,BN,,!Cx,Styling,,,
