38,amp
38,AMP
60,lt
60,LT
x0000A,NewLine
x000A0,nbsp
x000A0,NonBreakingSpace
x000A1,iexcl
x000A2,cent
x000A3,pound
x000A4,curren
x000A5,yen
x000A6,brvbar
x000A7,sect
x000A8,die
x000A8,Dot
x000A8,DoubleDot
x000A8,uml
x000A9,copy
x000A9,COPY
x000AA,ordf
x000AB,laquo
x000AC,not
x000AD,shy
x000AE,circledR
x000AE,reg
x000AE,REG
x000AF,macr
x000AF,strns
x000B0,deg
x000B1,PlusMinus
x000B1,plusmn
x000B1,pm
x000B2,sup2
x000B3,sup3
x000B4,acute
x000B4,DiacriticalAcute
x000B5,micro
x000B6,para
x000B7,centerdot
x000B7,CenterDot
x000B7,middot
x000B8,cedil
x000B8,Cedilla
x000B9,sup1
x000BA,ordm
x000BB,raquo
x000BC,frac14
x000BD,frac12
x000BD,half
x000BE,frac34
x000BF,iquest
x000C0,Agrave
x000C1,Aacute
x000C2,Acirc
x000C3,Atilde
x000C4,Auml
x000C5,angst
x000C5,Aring
x000C6,AElig
x000C7,Ccedil
x000C8,Egrave
x000C9,Eacute
x000CA,Ecirc
x000CB,Euml
x000CC,Igrave
x000CD,Iacute
x000CE,Icirc
x000CF,Iuml
x000D0,ETH
x000D1,Ntilde
x000D2,Ograve
x000D3,Oacute
x000D4,Ocirc
x000D5,Otilde
x000D6,Ouml
x000D7,times
x000D8,Oslash
x000D9,Ugrave
x000DA,Uacute
x000DB,Ucirc
x000DC,Uuml
x000DD,Yacute
x000DE,THORN
x000DF,szlig
x000E0,agrave
x000E1,aacute
x000E2,acirc
x000E3,atilde
x000E4,auml
x000E5,aring
x000E6,aelig
x000E7,ccedil
x000E8,egrave
x000E9,eacute
x000EA,ecirc
x000EB,euml
x000EC,igrave
x000ED,iacute
x000EE,icirc
x000EF,iuml
x000F0,eth
x000F1,ntilde
x000F2,ograve
x000F3,oacute
x000F4,ocirc
x000F5,otilde
x000F6,ouml
x000F7,div
x000F7,divide
x000F8,oslash
x000F9,ugrave
x000FA,uacute
x000FB,ucirc
x0FB00,fflig
x0FB01,filig
x0FB02,fllig
x0FB03,ffilig
x0FB04,ffllig
x000FC,uuml
x000FD,yacute
x000FE,thorn
x000FF,yuml
x001B5,imped
x1D4A2,Gscr
x1D4A5,Jscr
x1D4A6,Kscr
x1D4A9,Nscr
x1D4AA,Oscr
x1D4AB,Pscr
x1D4AC,Qscr
x1D4AE,Sscr
x1D4AF,Tscr
x1D4B0,Uscr
x1D4B1,Vscr
x1D4B2,Wscr
x1D4B3,Xscr
x1D4B4,Yscr
x1D4B5,Zscr
x1D4B6,ascr
x1D4B7,bscr
x1D4B8,cscr
x1D4B9,dscr
x1D4BB,fscr
x1D4BD,hscr
x1D4BE,iscr
x1D4BF,jscr
x1D4C0,kscr
x1D4C1,lscr
x1D4C2,mscr
x1D4C3,nscr
x1D4C5,pscr
x1D4C6,qscr
x1D4C7,rscr
x1D4C8,sscr
x1D4C9,tscr
x1D4CA,uscr
x1D4CB,vscr
x1D4CC,wscr
x1D4CD,xscr
x1D4CE,yscr
x1D4CF,zscr
x1D49C,Ascr
x1D49E,Cscr
x1D49F,Dscr
x1D50A,Gfr
x1D50D,Jfr
x1D50E,Kfr
x1D50F,Lfr
x1D51A,Wfr
x1D51B,Xfr
x1D51C,Yfr
x1D51E,afr
x1D51F,bfr
x1D52A,mfr
x1D52B,nfr
x1D52C,ofr
x1D52D,pfr
x1D52E,qfr
x1D52F,rfr
x1D53B,Dopf
x1D53C,Eopf
x1D53D,Fopf
x1D53E,Gopf
x1D54A,Sopf
x1D54B,Topf
x1D54C,Uopf
x1D54D,Vopf
x1D54E,Wopf
x1D54F,Xopf
x1D55A,iopf
x1D55B,jopf
x1D55C,kopf
x1D55D,lopf
x1D55E,mopf
x1D55F,nopf
x1D56A,yopf
x1D56B,zopf
x1D504,Afr
x1D505,Bfr
x1D507,Dfr
x1D508,Efr
x1D509,Ffr
x1D510,Mfr
x1D511,Nfr
x1D512,Ofr
x1D513,Pfr
x1D514,Qfr
x1D516,Sfr
x1D517,Tfr
x1D518,Ufr
x1D519,Vfr
x1D520,cfr
x1D521,dfr
x1D522,efr
x1D523,ffr
x1D524,gfr
x1D525,hfr
x1D526,ifr
x1D527,jfr
x1D528,kfr
x1D529,lfr
x1D530,sfr
x1D531,tfr
x1D532,ufr
x1D533,vfr
x1D534,wfr
x1D535,xfr
x1D536,yfr
x1D537,zfr
x1D538,Aopf
x1D539,Bopf
x1D540,Iopf
x1D541,Jopf
x1D542,Kopf
x1D543,Lopf
x1D544,Mopf
x1D546,Oopf
x1D550,Yopf
x1D552,aopf
x1D553,bopf
x1D554,copf
x1D555,dopf
x1D556,eopf
x1D557,fopf
x1D558,gopf
x1D559,hopf
x1D560,oopf
x1D561,popf
x1D562,qopf
x1D563,ropf
x1D564,sopf
x1D565,topf
x1D566,uopf
x1D567,vopf
x1D568,wopf
x1D569,xopf
x001F5,gacute
x0002A,ast
x0002A,midast
x02A00,bigodot
x02A00,xodot
x02A0C,iiiint
x02A0C,qint
x02A0D,fpartint
x02A01,bigoplus
x02A01,xoplus
x02A02,bigotimes
x02A02,xotime
x02A2A,minusdu
x02A2D,loplus
x02A2E,roplus
x02A2F,Cross
x02A3A,triminus
x02A3B,tritime
x02A3C,intprod
x02A3C,iprod
x02A3F,amalg
x02A04,biguplus
x02A04,xuplus
x02A4A,cupcup
x02A4B,capcap
x02A4C,ccups
x02A4D,ccaps
x02A5A,andv
x02A5B,orv
x02A5C,andd
x02A5D,ord
x02A5F,wedbar
x02A06,bigsqcup
x02A06,xsqcup
x02A6A,simdot
x02A6D 00338,ncongdot
x02A6D,congdot
x02A6E,easter
x02A6F,apacir
x02A7A,gtcir
x02A7B,ltquest
x02A7C,gtquest
x02A7D 00338,nleqslant
x02A7D 00338,nles
x02A7D 00338,NotLessSlantEqual
x02A7D,leqslant
x02A7D,les
x02A7D,LessSlantEqual
x02A7E 00338,ngeqslant
x02A7E 00338,nges
x02A7E 00338,NotGreaterSlantEqual
x02A7E,geqslant
x02A7E,ges
x02A7E,GreaterSlantEqual
x02A7F,lesdot
x02A8A,gnap
x02A8A,gnapprox
x02A8B,lEg
x02A8B,lesseqqgtr
x02A8C,gEl
x02A8C,gtreqqless
x02A8D,lsime
x02A8E,gsime
x02A8F,lsimg
x02A9A,eg
x02A9D,siml
x02A9E,simg
x02A9F,simlE
x02A10,cirfnint
x02A11,awint
x02A12,rppolint
x02A13,scpolint
x02A14,npolint
x02A15,pointint
x02A16,quatint
x02A17,intlarhk
x02A22,pluscir
x02A23,plusacir
x02A24,simplus
x02A25,plusdu
x02A26,plussim
x02A27,plustwo
x02A29,mcomma
x02A30,timesd
x02A31,timesbar
x02A33,smashp
x02A34,lotimes
x02A35,rotimes
x02A36,otimesas
x02A37,Otimes
x02A38,odiv
x02A39,triplus
x02A40,capdot
x02A42,ncup
x02A43,ncap
x02A44,capand
x02A45,cupor
x02A46,cupcap
x02A47,capcup
x02A48,cupbrcap
x02A49,capbrcup
x02A50,ccupssm
x02A53,And
x02A54,Or
x02A55,andand
x02A56,oror
x02A57,orslope
x02A58,andslope
x02A66,sdote
x02A70 00338,napE
x02A70,apE
x02A71,eplus
x02A72,pluse
x02A73,Esim
x02A74,Colone
x02A75,Equal
x02A77,ddotseq
x02A77,eDDot
x02A78,equivDD
x02A79,ltcir
x02A80,gesdot
x02A81,lesdoto
x02A82,gesdoto
x02A83,lesdotor
x02A84,gesdotol
x02A85,lap
x02A85,lessapprox
x02A86,gap
x02A86,gtrapprox
x02A87,lne
x02A87,lneq
x02A88,gne
x02A88,gneq
x02A89,lnap
x02A89,lnapprox
x02A90,gsiml
x02A91,lgE
x02A92,glE
x02A93,lesges
x02A94,gesles
x02A95,els
x02A95,eqslantless
x02A96,egs
x02A96,eqslantgtr
x02A97,elsdot
x02A98,egsdot
x02A99,el
x02AA0,simgE
x02AA1 00338,NotNestedLessLess
x02AA1,LessLess
x02AA2 00338,NotNestedGreaterGreater
x02AA2,GreaterGreater
x02AA4,glj
x02AA5,gla
x02AA6,ltcc
x02AA7,gtcc
x02AA8,lescc
x02AA9,gescc
x02AAA,smt
x02AAB,lat
x02AAC 0FE00,smtes
x02AAC,smte
x02AAD 0FE00,lates
x02AAD,late
x02AAE,bumpE
x02AAF 00338,NotPrecedesEqual
x02AAF 00338,npre
x02AAF 00338,npreceq
x02AAF,pre
x02AAF,PrecedesEqual
x02AAF,preceq
x02AB0 00338,NotSucceedsEqual
x02AB0 00338,nsce
x02AB0 00338,nsucceq
x02AB0,sce
x02AB0,SucceedsEqual
x02AB0,succeq
x02AB3,prE
x02AB4,scE
x02AB5,precneqq
x02AB5,prnE
x02AB6,scnE
x02AB6,succneqq
x02AB7,prap
x02AB7,precapprox
x02AB8,scap
x02AB8,succapprox
x02AB9,precnapprox
x02AB9,prnap
x02ABA,scnap
x02ABA,succnapprox
x02ABB,Pr
x02ABC,Sc
x02ABD,subdot
x02ABE,supdot
x02ABF,subplus
x02AC0,supplus
x02AC1,submult
x02AC2,supmult
x02AC3,subedot
x02AC4,supedot
x02AC5 00338,nsubE
x02AC5 00338,nsubseteqq
x02AC5,subE
x02AC5,subseteqq
x02AC6 00338,nsupE
x02AC6 00338,nsupseteqq
x02AC6,supE
x02AC6,supseteqq
x02AC7,subsim
x02AC8,supsim
x02ACB 0FE00,varsubsetneqq
x02ACB 0FE00,vsubnE
x02ACB,subnE
x02ACB,subsetneqq
x02ACC 0FE00,varsupsetneqq
x02ACC 0FE00,vsupnE
x02ACC,supnE
x02ACC,supsetneqq
x02ACF,csub
x02AD0,csup
x02AD1,csube
x02AD2,csupe
x02AD3,subsup
x02AD4,supsub
x02AD5,subsub
x02AD6,supsup
x02AD7,suphsub
x02AD8,supdsub
x02AD9,forkv
x02ADA,topfork
x02ADB,mlcp
x02AE4,Dashv
x02AE4,DoubleLeftTee
x02AE6,Vdashl
x02AE7,Barv
x02AE8,vBar
x02AE9,vBarv
x02AEB,Vbar
x02AEC,Not
x02AED,bNot
x02AEE,rnmid
x02AEF,cirmid
x02AF0,midcir
x02AF1,topcir
x02AF2,nhpar
x02AF3,parsim
x02AFD 020E5,nparsl
x02AFD,parsl
x0002B,plus
x0002C,comma
x002C6,circ
x002C7,caron
x002C7,Hacek
x002D8,breve
x002D8,Breve
x002D9,DiacriticalDot
x002D9,dot
x002DA,ring
x002DB,ogon
x002DC,DiacriticalTilde
x002DC,tilde
x002DD,dblac
x002DD,DiacriticalDoubleAcute
x0002E,period
x0002F,sol
x0003A,colon
x003A0,Pi
x003A1,Rho
x003A3,Sigma
x003A4,Tau
x003A5,Upsilon
x003A6,Phi
x003A7,Chi
x003A8,Psi
x003A9,ohm
x003A9,Omega
x0003B,semi
x003B1,alpha
x003B2,beta
x003B3,gamma
x003B4,delta
x003B5,epsi
x003B5,epsilon
x003B6,zeta
x003B7,eta
x003B8,theta
x003B9,iota
x003BA,kappa
x003BB,lambda
x003BC,mu
x003BD,nu
x003BE,xi
x003BF,omicron
x0003C 020D2,nvlt
x003C0,pi
x003C1,rho
x003C2,sigmaf
x003C2,sigmav
x003C2,varsigma
x003C3,sigma
x003C4,tau
x003C5,upsi
x003C5,upsilon
x003C6,phi
x003C7,chi
x003C8,psi
x003C9,omega
x0003D 020E5,bne
x0003D,equals
x003D1,thetasym
x003D1,thetav
x003D1,vartheta
x003D2,Upsi
x003D2,upsih
x003D5,phiv
x003D5,straightphi
x003D5,varphi
x003D6,piv
x003D6,varpi
x003DC,Gammad
x003DD,digamma
x003DD,gammad
x0003E 020D2,nvgt
x0003E,gt
x0003E,GT
x0003F,quest
x003F0,kappav
x003F0,varkappa
x003F1,rhov
x003F1,varrho
x003F5,epsiv
x003F5,straightepsilon
x003F5,varepsilon
x003F6,backepsilon
x003F6,bepsi
x0005B,lbrack
x0005B,lsqb
x0005C,bsol
x0005D,rbrack
x0005D,rsqb
x0005E,Hat
x0005F,lowbar
x0005F,UnderBar
x0007B,lbrace
x0007B,lcub
x0007C,verbar
x0007C,vert
x0007C,VerticalLine
x0007D,rbrace
x0007D,rcub
x00009,Tab
x0010A,Cdot
x0010B,cdot
x0010C,Ccaron
x0010D,ccaron
x0010E,Dcaron
x0010F,dcaron
x0011A,Ecaron
x0011B,ecaron
x0011C,Gcirc
x0011D,gcirc
x0011E,Gbreve
x0011F,gbreve
x0012A,Imacr
x0012B,imacr
x0012E,Iogon
x0012F,iogon
x0013A,lacute
x0013B,Lcedil
x0013C,lcedil
x0013D,Lcaron
x0013E,lcaron
x0013F,Lmidot
x0014A,ENG
x0014B,eng
x0014C,Omacr
x0014D,omacr
x0015A,Sacute
x0015B,sacute
x0015C,Scirc
x0015D,scirc
x0015E,Scedil
x0015F,scedil
x0016A,Umacr
x0016B,umacr
x0016C,Ubreve
x0016D,ubreve
x0016E,Uring
x0016F,uring
x0017A,zacute
x0017B,Zdot
x0017C,zdot
x0017D,Zcaron
x0017E,zcaron
x020AC,euro
x020DB,tdot
x020DB,TripleDot
x020DC,DotDot
x00021,excl
x021A0,Rarr
x021A0,twoheadrightarrow
x021A1,Darr
x021A2,larrtl
x021A2,leftarrowtail
x021A3,rarrtl
x021A3,rightarrowtail
x021A4,LeftTeeArrow
x021A4,mapstoleft
x021A5,mapstoup
x021A5,UpTeeArrow
x021A6,map
x021A6,mapsto
x021A6,RightTeeArrow
x021A7,DownTeeArrow
x021A7,mapstodown
x021A9,hookleftarrow
x021A9,larrhk
x021AA,hookrightarrow
x021AA,rarrhk
x021AB,larrlp
x021AB,looparrowleft
x021AC,looparrowright
x021AC,rarrlp
x021AD,harrw
x021AD,leftrightsquigarrow
x021AE,nharr
x021AE,nleftrightarrow
x021B0,lsh
x021B0,Lsh
x021B1,rsh
x021B1,Rsh
x021B2,ldsh
x021B3,rdsh
x021B5,crarr
x021B6,cularr
x021B6,curvearrowleft
x021B7,curarr
x021B7,curvearrowright
x021BA,circlearrowleft
x021BA,olarr
x021BB,circlearrowright
x021BB,orarr
x021BC,leftharpoonup
x021BC,LeftVector
x021BC,lharu
x021BD,DownLeftVector
x021BD,leftharpoondown
x021BD,lhard
x021BE,RightUpVector
x021BE,uharr
x021BE,upharpoonright
x021BF,LeftUpVector
x021BF,uharl
x021BF,upharpoonleft
x021C0,rharu
x021C0,rightharpoonup
x021C0,RightVector
x021C1,DownRightVector
x021C1,rhard
x021C1,rightharpoondown
x021C2,dharr
x021C2,downharpoonright
x021C2,RightDownVector
x021C3,dharl
x021C3,downharpoonleft
x021C3,LeftDownVector
x021C4,RightArrowLeftArrow
x021C4,rightleftarrows
x021C4,rlarr
x021C5,udarr
x021C5,UpArrowDownArrow
x021C6,LeftArrowRightArrow
x021C6,leftrightarrows
x021C6,lrarr
x021C7,leftleftarrows
x021C7,llarr
x021C8,upuparrows
x021C8,uuarr
x021C9,rightrightarrows
x021C9,rrarr
x021CA,ddarr
x021CA,downdownarrows
x021CB,leftrightharpoons
x021CB,lrhar
x021CB,ReverseEquilibrium
x021CC,Equilibrium
x021CC,rightleftharpoons
x021CC,rlhar
x021CD,nlArr
x021CD,nLeftarrow
x021CE,nhArr
x021CE,nLeftrightarrow
x021CF,nrArr
x021CF,nRightarrow
x021D0,DoubleLeftArrow
x021D0,lArr
x021D0,Leftarrow
x021D1,DoubleUpArrow
x021D1,uArr
x021D1,Uparrow
x021D2,DoubleRightArrow
x021D2,Implies
x021D2,rArr
x021D2,Rightarrow
x021D3,dArr
x021D3,DoubleDownArrow
x021D3,Downarrow
x021D4,DoubleLeftRightArrow
x021D4,hArr
x021D4,iff
x021D4,Leftrightarrow
x021D5,DoubleUpDownArrow
x021D5,Updownarrow
x021D5,vArr
x021D6,nwArr
x021D7,neArr
x021D8,seArr
x021D9,swArr
x021DA,lAarr
x021DA,Lleftarrow
x021DB,rAarr
x021DB,Rrightarrow
x021DD,zigrarr
x021E4,larrb
x021E4,LeftArrowBar
x021E5,rarrb
x021E5,RightArrowBar
x021F5,DownArrowUpArrow
x021F5,duarr
x021FD,loarr
x021FE,roarr
x021FF,hoarr
x00022,quot
x00022,QUOT
x022A0,boxtimes
x022A0,timesb
x022A1,dotsquare
x022A1,sdotb
x022A2,RightTee
x022A2,vdash
x022A3,dashv
x022A3,LeftTee
x022A4,DownTee
x022A4,top
x022A5,bot
x022A5,bottom
x022A5,perp
x022A5,UpTee
x022A7,models
x022A8,DoubleRightTee
x022A8,vDash
x022A9,Vdash
x022AA,Vvdash
x022AB,VDash
x022AC,nvdash
x022AD,nvDash
x022AE,nVdash
x022AF,nVDash
x022B0,prurel
x022B2,LeftTriangle
x022B2,vartriangleleft
x022B2,vltri
x022B3,RightTriangle
x022B3,vartriangleright
x022B3,vrtri
x022B4 020D2,nvltrie
x022B4,LeftTriangleEqual
x022B4,ltrie
x022B4,trianglelefteq
x022B5 020D2,nvrtrie
x022B5,RightTriangleEqual
x022B5,rtrie
x022B5,trianglerighteq
x022B6,origof
x022B7,imof
x022B8,multimap
x022B8,mumap
x022B9,hercon
x022BA,intcal
x022BA,intercal
x022BB,veebar
x022BD,barvee
x022BE,angrtvb
x022BF,lrtri
x022C0,bigwedge
x022C0,Wedge
x022C0,xwedge
x022C1,bigvee
x022C1,Vee
x022C1,xvee
x022C2,bigcap
x022C2,Intersection
x022C2,xcap
x022C3,bigcup
x022C3,Union
x022C3,xcup
x022C4,diam
x022C4,diamond
x022C4,Diamond
x022C5,sdot
x022C6,sstarf
x022C6,Star
x022C7,divideontimes
x022C7,divonx
x022C8,bowtie
x022C9,ltimes
x022CA,rtimes
x022CB,leftthreetimes
x022CB,lthree
x022CC,rightthreetimes
x022CC,rthree
x022CD,backsimeq
x022CD,bsime
x022CE,curlyvee
x022CE,cuvee
x022CF,curlywedge
x022CF,cuwed
x022D0,Sub
x022D0,Subset
x022D1,Sup
x022D1,Supset
x022D2,Cap
x022D3,Cup
x022D4,fork
x022D4,pitchfork
x022D5,epar
x022D6,lessdot
x022D6,ltdot
x022D7,gtdot
x022D7,gtrdot
x022D8 00338,nLl
x022D8,Ll
x022D9 00338,nGg
x022D9,Gg
x022D9,ggg
x022DA 0FE00,lesg
x022DA,leg
x022DA,lesseqgtr
x022DA,LessEqualGreater
x022DB 0FE00,gesl
x022DB,gel
x022DB,GreaterEqualLess
x022DB,gtreqless
x022DE,cuepr
x022DE,curlyeqprec
x022DF,cuesc
x022DF,curlyeqsucc
x022E0,NotPrecedesSlantEqual
x022E0,nprcue
x022E1,NotSucceedsSlantEqual
x022E1,nsccue
x022E2,NotSquareSubsetEqual
x022E2,nsqsube
x022E3,NotSquareSupersetEqual
x022E3,nsqsupe
x022E6,lnsim
x022E7,gnsim
x022E8,precnsim
x022E8,prnsim
x022E9,scnsim
x022E9,succnsim
x022EA,nltri
x022EA,NotLeftTriangle
x022EA,ntriangleleft
x022EB,NotRightTriangle
x022EB,nrtri
x022EB,ntriangleright
x022EC,nltrie
x022EC,NotLeftTriangleEqual
x022EC,ntrianglelefteq
x022ED,NotRightTriangleEqual
x022ED,nrtrie
x022ED,ntrianglerighteq
x022EE,vellip
x022EF,ctdot
x022F0,utdot
x022F1,dtdot
x022F2,disin
x022F3,isinsv
x022F4,isins
x022F5 00338,notindot
x022F5,isindot
x022F6,notinvc
x022F7,notinvb
x022F9 00338,notinE
x022F9,isinE
x022FA,nisd
x022FB,xnis
x022FC,nis
x022FD,notnivc
x022FE,notnivb
x00023,num
x023B0,lmoust
x023B0,lmoustache
x023B1,rmoust
x023B1,rmoustache
x023B4,OverBracket
x023B4,tbrk
x023B5,bbrk
x023B5,UnderBracket
x023B6,bbrktbrk
x023DC,OverParenthesis
x023DD,UnderParenthesis
x023DE,OverBrace
x023DF,UnderBrace
x023E2,trpezium
x023E7,elinters
x00024,dollar
x024C8,circledS
x024C8,oS
x00025,percnt
x025A1,squ
x025A1,square
x025A1,Square
x025AA,blacksquare
x025AA,FilledVerySmallSquare
x025AA,squarf
x025AA,squf
x025AB,EmptyVerySmallSquare
x025AD,rect
x025AE,marker
x025B1,fltns
x025B3,bigtriangleup
x025B3,xutri
x025B4,blacktriangle
x025B4,utrif
x025B5,triangle
x025B5,utri
x025B8,blacktriangleright
x025B8,rtrif
x025B9,rtri
x025B9,triangleright
x025BD,bigtriangledown
x025BD,xdtri
x025BE,blacktriangledown
x025BE,dtrif
x025BF,dtri
x025BF,triangledown
x025C2,blacktriangleleft
x025C2,ltrif
x025C3,ltri
x025C3,triangleleft
x025CA,loz
x025CA,lozenge
x025CB,cir
x025EC,tridot
x025EF,bigcirc
x025EF,xcirc
x025F8,ultri
x025F9,urtri
x025FA,lltri
x025FB,EmptySmallSquare
x025FC,FilledSmallSquare
x00027,apos
x027C8,bsolhsub
x027C9,suphsol
x027E6,LeftDoubleBracket
x027E6,lobrk
x027E7,RightDoubleBracket
x027E7,robrk
x027E8,lang
x027E8,langle
x027E8,LeftAngleBracket
x027E9,rang
x027E9,rangle
x027E9,RightAngleBracket
x027EA,Lang
x027EB,Rang
x027EC,loang
x027ED,roang
x027F5,longleftarrow
x027F5,LongLeftArrow
x027F5,xlarr
x027F6,longrightarrow
x027F6,LongRightArrow
x027F6,xrarr
x027F7,longleftrightarrow
x027F7,LongLeftRightArrow
x027F7,xharr
x027F8,DoubleLongLeftArrow
x027F8,Longleftarrow
x027F8,xlArr
x027F9,DoubleLongRightArrow
x027F9,Longrightarrow
x027F9,xrArr
x027FA,DoubleLongLeftRightArrow
x027FA,Longleftrightarrow
x027FA,xhArr
x027FC,longmapsto
x027FC,xmap
x027FF,dzigrarr
x00028,lpar
x00029,rpar
x029A4,ange
x029A5,range
x029A6,dwangle
x029A7,uwangle
x029A8,angmsdaa
x029A9,angmsdab
x029AA,angmsdac
x029AB,angmsdad
x029AC,angmsdae
x029AD,angmsdaf
x029AE,angmsdag
x029AF,angmsdah
x029B0,bemptyv
x029B1,demptyv
x029B2,cemptyv
x029B3,raemptyv
x029B4,laemptyv
x029B5,ohbar
x029B6,omid
x029B7,opar
x029B9,operp
x029BB,olcross
x029BC,odsold
x029BE,olcir
x029BF,ofcir
x029C0,olt
x029C1,ogt
x029C2,cirscir
x029C3,cirE
x029C4,solb
x029C5,bsolb
x029C9,boxbox
x029CD,trisb
x029CE,rtriltri
x029CF 00338,NotLeftTriangleBar
x029CF,LeftTriangleBar
x029D0 00338,NotRightTriangleBar
x029D0,RightTriangleBar
x029DC,iinfin
x029DD,infintie
x029DE,nvinfin
x029E3,eparsl
x029E4,smeparsl
x029E5,eqvparsl
x029EB,blacklozenge
x029EB,lozf
x029F4,RuleDelayed
x029F6,dsol
x0039A,Kappa
x0039B,Lambda
x0039C,Mu
x0039D,Nu
x0039E,Xi
x0039F,Omicron
x00040,commat
x0040A,NJcy
x0040B,TSHcy
x0040C,KJcy
x0040E,Ubrcy
x0040F,DZcy
x0041A,Kcy
x0041B,Lcy
x0041C,Mcy
x0041D,Ncy
x0041E,Ocy
x0041F,Pcy
x0042A,HARDcy
x0042B,Ycy
x0042C,SOFTcy
x0042D,Ecy
x0042E,YUcy
x0042F,YAcy
x0043A,kcy
x0043B,lcy
x0043C,mcy
x0043D,ncy
x0043E,ocy
x0043F,pcy
x0044A,hardcy
x0044B,ycy
x0044C,softcy
x0044D,ecy
x0044E,yucy
x0044F,yacy
x0045A,njcy
x0045B,tshcy
x0045C,kjcy
x0045E,ubrcy
x0045F,dzcy
x00060,DiacriticalGrave
x00060,grave
x00066 0006A,fjlig
x00100,Amacr
x00101,amacr
x00102,Abreve
x00103,abreve
x00104,Aogon
x00105,aogon
x00106,Cacute
x00107,cacute
x00108,Ccirc
x00109,ccirc
x00110,Dstrok
x00111,dstrok
x00112,Emacr
x00113,emacr
x00116,Edot
x00117,edot
x00118,Eogon
x00119,eogon
x00120,Gdot
x00121,gdot
x00122,Gcedil
x00124,Hcirc
x00125,hcirc
x00126,Hstrok
x00127,hstrok
x00128,Itilde
x00129,itilde
x00130,Idot
x00131,imath
x00131,inodot
x00132,IJlig
x00133,ijlig
x00134,Jcirc
x00135,jcirc
x00136,Kcedil
x00137,kcedil
x00138,kgreen
x00139,Lacute
x00140,lmidot
x00141,Lstrok
x00142,lstrok
x00143,Nacute
x00144,nacute
x00145,Ncedil
x00146,ncedil
x00147,Ncaron
x00148,ncaron
x00149,napos
x00150,Odblac
x00151,odblac
x00152,OElig
x00153,oelig
x00154,Racute
x00155,racute
x00156,Rcedil
x00157,rcedil
x00158,Rcaron
x00159,rcaron
x00160,Scaron
x00161,scaron
x00162,Tcedil
x00163,tcedil
x00164,Tcaron
x00165,tcaron
x00166,Tstrok
x00167,tstrok
x00168,Utilde
x00169,utilde
x00170,Udblac
x00171,udblac
x00172,Uogon
x00173,uogon
x00174,Wcirc
x00175,wcirc
x00176,Ycirc
x00177,ycirc
x00178,Yuml
x00179,Zacute
x00192,fnof
x0200A,hairsp
x0200A,VeryThinSpace
x0200B,NegativeMediumSpace
x0200B,NegativeThickSpace
x0200B,NegativeThinSpace
x0200B,NegativeVeryThinSpace
x0200B,ZeroWidthSpace
x0200C,zwnj
x0200D,zwj
x0200E,lrm
x0200F,rlm
x0201A,lsquor
x0201A,sbquo
x0201C,ldquo
x0201C,OpenCurlyDoubleQuote
x0201D,CloseCurlyDoubleQuote
x0201D,rdquo
x0201D,rdquor
x0201E,bdquo
x0201E,ldquor
x0203A,rsaquo
x0203E,oline
x0203E,OverBar
x0204F,bsemi
x0205F 0200A,ThickSpace
x0205F,MediumSpace
x0210A,gscr
x0210B,hamilt
x0210B,HilbertSpace
x0210B,Hscr
x0210C,Hfr
x0210C,Poincareplane
x0210D,Hopf
x0210D,quaternions
x0210E,planckh
x0210F,hbar
x0210F,hslash
x0210F,planck
x0210F,plankv
x0211A,Qopf
x0211A,rationals
x0211B,realine
x0211B,Rscr
x0211C,Re
x0211C,real
x0211C,realpart
x0211C,Rfr
x0211D,reals
x0211D,Ropf
x0211E,rx
x0212C,bernou
x0212C,Bernoullis
x0212C,Bscr
x0212D,Cayleys
x0212D,Cfr
x0212F,escr
x0215A,frac56
x0215B,frac18
x0215C,frac38
x0215D,frac58
x0215E,frac78
x0219A,nlarr
x0219A,nleftarrow
x0219B,nrarr
x0219B,nrightarrow
x0219D 00338,nrarrw
x0219D,rarrw
x0219D,rightsquigarrow
x0219E,Larr
x0219E,twoheadleftarrow
x0219F,Uarr
x0220B,ni
x0220B,niv
x0220B,ReverseElement
x0220B,SuchThat
x0220C,notni
x0220C,notniva
x0220C,NotReverseElement
x0220F,prod
x0220F,Product
x0221A,radic
x0221A,Sqrt
x0221D,prop
x0221D,Proportional
x0221D,propto
x0221D,varpropto
x0221D,vprop
x0221E,infin
x0221F,angrt
x0222A 0FE00,cups
x0222A,cup
x0222B,int
x0222B,Integral
x0222C,Int
x0222D,iiint
x0222D,tint
x0222E,conint
x0222E,ContourIntegral
x0222E,oint
x0222F,Conint
x0222F,DoubleContourIntegral
x0223A,mDDot
x0223B,homtht
x0223C 020D2,nvsim
x0223C,sim
x0223C,thicksim
x0223C,thksim
x0223C,Tilde
x0223D 00331,race
x0223D,backsim
x0223D,bsim
x0223E 00333,acE
x0223E,ac
x0223E,mstpos
x0223F,acd
x0224A,ape
x0224A,approxeq
x0224B 00338,napid
x0224B,apid
x0224C,backcong
x0224C,bcong
x0224D 020D2,nvap
x0224D,asympeq
x0224D,CupCap
x0224E 00338,nbump
x0224E 00338,NotHumpDownHump
x0224E,bump
x0224E,Bumpeq
x0224E,HumpDownHump
x0224F 00338,nbumpe
x0224F 00338,NotHumpEqual
x0224F,bumpe
x0224F,bumpeq
x0224F,HumpEqual
x0225A,veeeq
x0225C,triangleq
x0225C,trie
x0225F,equest
x0225F,questeq
x0226A 020D2,nLt
x0226A 00338,nLtv
x0226A 00338,NotLessLess
x0226A,ll
x0226A,Lt
x0226A,NestedLessLess
x0226B 020D2,nGt
x0226B 00338,nGtv
x0226B 00338,NotGreaterGreater
x0226B,gg
x0226B,Gt
x0226B,NestedGreaterGreater
x0226C,between
x0226C,twixt
x0226D,NotCupCap
x0226E,nless
x0226E,nlt
x0226E,NotLess
x0226F,ngt
x0226F,ngtr
x0226F,NotGreater
x0227A,pr
x0227A,prec
x0227A,Precedes
x0227B,sc
x0227B,succ
x0227B,Succeeds
x0227C,prcue
x0227C,preccurlyeq
x0227C,PrecedesSlantEqual
x0227D,sccue
x0227D,succcurlyeq
x0227D,SucceedsSlantEqual
x0227E,PrecedesTilde
x0227E,precsim
x0227E,prsim
x0227F 00338,NotSucceedsTilde
x0227F,scsim
x0227F,SucceedsTilde
x0227F,succsim
x0228A 0FE00,varsubsetneq
x0228A 0FE00,vsubne
x0228A,subne
x0228A,subsetneq
x0228B 0FE00,varsupsetneq
x0228B 0FE00,vsupne
x0228B,supne
x0228B,supsetneq
x0228D,cupdot
x0228E,UnionPlus
x0228E,uplus
x0228F 00338,NotSquareSubset
x0228F,sqsub
x0228F,sqsubset
x0228F,SquareSubset
x0229A,circledcirc
x0229A,ocir
x0229B,circledast
x0229B,oast
x0229D,circleddash
x0229D,odash
x0229E,boxplus
x0229E,plusb
x0229F,boxminus
x0229F,minusb
x0230A,LeftFloor
x0230A,lfloor
x0230B,rfloor
x0230B,RightFloor
x0230C,drcrop
x0230D,dlcrop
x0230E,urcrop
x0230F,ulcrop
x0231C,ulcorn
x0231C,ulcorner
x0231D,urcorn
x0231D,urcorner
x0231E,dlcorn
x0231E,llcorner
x0231F,drcorn
x0231F,lrcorner
x0232D,cylcty
x0232E,profalar
x0233D,ovbar
x0233F,solbar
x00237,jmath
x0237C,angzarr
x0250C,boxdr
x0251C,boxvr
x0252C,boxhd
x0253C,boxvh
x0255A,boxUR
x0255B,boxuL
x0255C,boxUl
x0255D,boxUL
x0255E,boxvR
x0255F,boxVr
x0256A,boxvH
x0256B,boxVh
x0256C,boxVH
x0260E,phone
x0266A,sung
x0266D,flat
x0266E,natur
x0266E,natural
x0266F,sharp
x0290C,lbarr
x0290D,bkarow
x0290D,rbarr
x0290E,lBarr
x0290F,dbkarow
x0290F,rBarr
x0291A,ratail
x0291B,lAtail
x0291C,rAtail
x0291D,larrfs
x0291E,rarrfs
x0291F,larrbfs
x0292A,swnwar
x0293C,curarrm
x0293D,cularrp
x0294A,lurdshar
x0294B,ldrushar
x0294E,LeftRightVector
x0294F,RightUpDownVector
x0295A,LeftTeeVector
x0295B,RightTeeVector
x0295C,RightUpTeeVector
x0295D,RightDownTeeVector
x0295E,DownLeftTeeVector
x0295F,DownRightTeeVector
x0296A,lharul
x0296B,llhard
x0296C,rharul
x0296D,lrhard
x0296E,udhar
x0296E,UpEquilibrium
x0296F,duhar
x0296F,ReverseUpEquilibrium
x0297B,suplarr
x0297C,lfisht
x0297D,rfisht
x0297E,ufisht
x0297F,dfisht
x0298B,lbrke
x0298C,rbrke
x0298D,lbrkslu
x0298E,rbrksld
x0298F,lbrksld
x0299A,vzigzag
x0299C,vangrt
x0299D,angrtvbd
x00311,DownBreve
x00391,Alpha
x00392,Beta
x00393,Gamma
x00394,Delta
x00395,Epsilon
x00396,Zeta
x00397,Eta
x00398,Theta
x00399,Iota
x00401,IOcy
x00402,DJcy
x00403,GJcy
x00404,Jukcy
x00405,DScy
x00406,Iukcy
x00407,YIcy
x00408,Jsercy
x00409,LJcy
x00410,Acy
x00411,Bcy
x00412,Vcy
x00413,Gcy
x00414,Dcy
x00415,IEcy
x00416,ZHcy
x00417,Zcy
x00418,Icy
x00419,Jcy
x00420,Rcy
x00421,Scy
x00422,Tcy
x00423,Ucy
x00424,Fcy
x00425,KHcy
x00426,TScy
x00427,CHcy
x00428,SHcy
x00429,SHCHcy
x00430,acy
x00431,bcy
x00432,vcy
x00433,gcy
x00434,dcy
x00435,iecy
x00436,zhcy
x00437,zcy
x00438,icy
x00439,jcy
x00440,rcy
x00441,scy
x00442,tcy
x00443,ucy
x00444,fcy
x00445,khcy
x00446,tscy
x00447,chcy
x00448,shcy
x00449,shchcy
x00451,iocy
x00452,djcy
x00453,gjcy
x00454,jukcy
x00455,dscy
x00456,iukcy
x00457,yicy
x00458,jsercy
x00459,ljcy
x02002,ensp
x02003,emsp
x02004,emsp13
x02005,emsp14
x02007,numsp
x02008,puncsp
x02009,thinsp
x02009,ThinSpace
x02010,dash
x02010,hyphen
x02013,ndash
x02014,mdash
x02015,horbar
x02016,Verbar
x02016,Vert
x02018,lsquo
x02018,OpenCurlyQuote
x02019,CloseCurlyQuote
x02019,rsquo
x02019,rsquor
x02020,dagger
x02021,Dagger
x02021,ddagger
x02022,bull
x02022,bullet
x02025,nldr
x02026,hellip
x02026,mldr
x02030,permil
x02031,pertenk
x02032,prime
x02033,Prime
x02034,tprime
x02035,backprime
x02035,bprime
x02039,lsaquo
x02041,caret
x02043,hybull
x02044,frasl
x02057,qprime
x02060,NoBreak
x02061,af
x02061,ApplyFunction
x02062,InvisibleTimes
x02062,it
x02063,ic
x02063,InvisibleComma
x02102,complexes
x02102,Copf
x02105,incare
x02110,imagline
x02110,Iscr
x02111,Ifr
x02111,Im
x02111,image
x02111,imagpart
x02112,lagran
x02112,Laplacetrf
x02112,Lscr
x02113,ell
x02115,naturals
x02115,Nopf
x02116,numero
x02117,copysr
x02118,weierp
x02118,wp
x02119,Popf
x02119,primes
x02122,trade
x02122,TRADE
x02124,integers
x02124,Zopf
x02127,mho
x02128,zeetrf
x02128,Zfr
x02129,iiota
x02130,Escr
x02130,expectation
x02131,Fouriertrf
x02131,Fscr
x02133,Mellintrf
x02133,Mscr
x02133,phmmat
x02134,order
x02134,orderof
x02134,oscr
x02135,alefsym
x02135,aleph
x02136,beth
x02137,gimel
x02138,daleth
x02145,CapitalDifferentialD
x02145,DD
x02146,dd
x02146,DifferentialD
x02147,ee
x02147,exponentiale
x02147,ExponentialE
x02148,ii
x02148,ImaginaryI
x02153,frac13
x02154,frac23
x02155,frac15
x02156,frac25
x02157,frac35
x02158,frac45
x02159,frac16
x02190,larr
x02190,leftarrow
x02190,LeftArrow
x02190,ShortLeftArrow
x02190,slarr
x02191,ShortUpArrow
x02191,uarr
x02191,uparrow
x02191,UpArrow
x02192,rarr
x02192,rightarrow
x02192,RightArrow
x02192,ShortRightArrow
x02192,srarr
x02193,darr
x02193,downarrow
x02193,DownArrow
x02193,ShortDownArrow
x02194,harr
x02194,leftrightarrow
x02194,LeftRightArrow
x02195,updownarrow
x02195,UpDownArrow
x02195,varr
x02196,nwarr
x02196,nwarrow
x02196,UpperLeftArrow
x02197,nearr
x02197,nearrow
x02197,UpperRightArrow
x02198,LowerRightArrow
x02198,searr
x02198,searrow
x02199,LowerLeftArrow
x02199,swarr
x02199,swarrow
x02200,forall
x02200,ForAll
x02201,comp
x02201,complement
x02202 00338,npart
x02202,part
x02202,PartialD
x02203,exist
x02203,Exists
x02204,nexist
x02204,nexists
x02204,NotExists
x02205,empty
x02205,emptyset
x02205,emptyv
x02205,varnothing
x02207,Del
x02207,nabla
x02208,Element
x02208,in
x02208,isin
x02208,isinv
x02209,NotElement
x02209,notin
x02209,notinva
x02210,coprod
x02210,Coproduct
x02211,sum
x02211,Sum
x02212,minus
x02213,MinusPlus
x02213,mnplus
x02213,mp
x02214,dotplus
x02214,plusdo
x02216,Backslash
x02216,setminus
x02216,setmn
x02216,smallsetminus
x02216,ssetmn
x02217,lowast
x02218,compfn
x02218,SmallCircle
x02220 020D2,nang
x02220,ang
x02220,angle
x02221,angmsd
x02221,measuredangle
x02222,angsph
x02223,mid
x02223,shortmid
x02223,smid
x02223,VerticalBar
x02224,nmid
x02224,NotVerticalBar
x02224,nshortmid
x02224,nsmid
x02225,DoubleVerticalBar
x02225,par
x02225,parallel
x02225,shortparallel
x02225,spar
x02226,NotDoubleVerticalBar
x02226,npar
x02226,nparallel
x02226,nshortparallel
x02226,nspar
x02227,and
x02227,wedge
x02228,or
x02228,vee
x02229 0FE00,caps
x02229,cap
x02230,Cconint
x02231,cwint
x02232,ClockwiseContourIntegral
x02232,cwconint
x02233,awconint
x02233,CounterClockwiseContourIntegral
x02234,there4
x02234,therefore
x02234,Therefore
x02235,becaus
x02235,because
x02235,Because
x02236,ratio
x02237,Colon
x02237,Proportion
x02238,dotminus
x02238,minusd
x02240,VerticalTilde
x02240,wr
x02240,wreath
x02241,NotTilde
x02241,nsim
x02242 00338,nesim
x02242 00338,NotEqualTilde
x02242,eqsim
x02242,EqualTilde
x02242,esim
x02243,sime
x02243,simeq
x02243,TildeEqual
x02244,NotTildeEqual
x02244,nsime
x02244,nsimeq
x02245,cong
x02245,TildeFullEqual
x02246,simne
x02247,ncong
x02247,NotTildeFullEqual
x02248,ap
x02248,approx
x02248,asymp
x02248,thickapprox
x02248,thkap
x02248,TildeTilde
x02249,nap
x02249,napprox
x02249,NotTildeTilde
x02250 00338,nedot
x02250,doteq
x02250,DotEqual
x02250,esdot
x02251,doteqdot
x02251,eDot
x02252,efDot
x02252,fallingdotseq
x02253,erDot
x02253,risingdotseq
x02254,Assign
x02254,colone
x02254,coloneq
x02255,ecolon
x02255,eqcolon
x02256,ecir
x02256,eqcirc
x02257,circeq
x02257,cire
x02259,wedgeq
x02260,ne
x02260,NotEqual
x02261 020E5,bnequiv
x02261,Congruent
x02261,equiv
x02262,nequiv
x02262,NotCongruent
x02264 020D2,nvle
x02264,le
x02264,leq
x02265 020D2,nvge
x02265,ge
x02265,geq
x02265,GreaterEqual
x02266 00338,nlE
x02266 00338,nleqq
x02266,lE
x02266,leqq
x02266,LessFullEqual
x02267 00338,ngE
x02267 00338,ngeqq
x02267 00338,NotGreaterFullEqual
x02267,gE
x02267,geqq
x02267,GreaterFullEqual
x02268 0FE00,lvertneqq
x02268 0FE00,lvnE
x02268,lnE
x02268,lneqq
x02269 0FE00,gvertneqq
x02269 0FE00,gvnE
x02269,gnE
x02269,gneqq
x02270,nle
x02270,nleq
x02270,NotLessEqual
x02271,nge
x02271,ngeq
x02271,NotGreaterEqual
x02272,lesssim
x02272,LessTilde
x02272,lsim
x02273,GreaterTilde
x02273,gsim
x02273,gtrsim
x02274,nlsim
x02274,NotLessTilde
x02275,ngsim
x02275,NotGreaterTilde
x02276,LessGreater
x02276,lessgtr
x02276,lg
x02277,gl
x02277,GreaterLess
x02277,gtrless
x02278,NotLessGreater
x02278,ntlg
x02279,NotGreaterLess
x02279,ntgl
x02280,NotPrecedes
x02280,npr
x02280,nprec
x02281,NotSucceeds
x02281,nsc
x02281,nsucc
x02282 020D2,NotSubset
x02282 020D2,nsubset
x02282 020D2,vnsub
x02282,sub
x02282,subset
x02283 020D2,NotSuperset
x02283 020D2,nsupset
x02283 020D2,vnsup
x02283,sup
x02283,Superset
x02283,supset
x02284,nsub
x02285,nsup
x02286,sube
x02286,subseteq
x02286,SubsetEqual
x02287,supe
x02287,SupersetEqual
x02287,supseteq
x02288,NotSubsetEqual
x02288,nsube
x02288,nsubseteq
x02289,NotSupersetEqual
x02289,nsupe
x02289,nsupseteq
x02290 00338,NotSquareSuperset
x02290,sqsup
x02290,sqsupset
x02290,SquareSuperset
x02291,sqsube
x02291,sqsubseteq
x02291,SquareSubsetEqual
x02292,sqsupe
x02292,sqsupseteq
x02292,SquareSupersetEqual
x02293 0FE00,sqcaps
x02293,sqcap
x02293,SquareIntersection
x02294 0FE00,sqcups
x02294,sqcup
x02294,SquareUnion
x02295,CirclePlus
x02295,oplus
x02296,CircleMinus
x02296,ominus
x02297,CircleTimes
x02297,otimes
x02298,osol
x02299,CircleDot
x02299,odot
x02305,barwed
x02305,barwedge
x02306,Barwed
x02306,doublebarwedge
x02308,lceil
x02308,LeftCeiling
x02309,rceil
x02309,RightCeiling
x02310,bnot
x02312,profline
x02313,profsurf
x02315,telrec
x02316,target
x02322,frown
x02322,sfrown
x02323,smile
x02323,ssmile
x02336,topbot
x02423,blank
x02500,boxh
x02500,HorizontalLine
x02502,boxv
x02510,boxdl
x02514,boxur
x02518,boxul
x02524,boxvl
x02534,boxhu
x02550,boxH
x02551,boxV
x02552,boxdR
x02553,boxDr
x02554,boxDR
x02555,boxdL
x02556,boxDl
x02557,boxDL
x02558,boxuR
x02559,boxUr
x02560,boxVR
x02561,boxvL
x02562,boxVl
x02563,boxVL
x02564,boxHd
x02565,boxhD
x02566,boxHD
x02567,boxHu
x02568,boxhU
x02569,boxHU
x02580,uhblk
x02584,lhblk
x02588,block
x02591,blk14
x02592,blk12
x02593,blk34
x02605,bigstar
x02605,starf
x02606,star
x02640,female
x02642,male
x02660,spades
x02660,spadesuit
x02663,clubs
x02663,clubsuit
x02665,hearts
x02665,heartsuit
x02666,diamondsuit
x02666,diams
x02713,check
x02713,checkmark
x02717,cross
x02720,malt
x02720,maltese
x02736,sext
x02758,VerticalSeparator
x02772,lbbrk
x02773,rbbrk
x02902,nvlArr
x02903,nvrArr
x02904,nvHarr
x02905,Map
x02910,drbkarow
x02910,RBarr
x02911,DDotrahd
x02912,UpArrowBar
x02913,DownArrowBar
x02916,Rarrtl
x02919,latail
x02920,rarrbfs
x02923,nwarhk
x02924,nearhk
x02925,hksearow
x02925,searhk
x02926,hkswarow
x02926,swarhk
x02927,nwnear
x02928,nesear
x02928,toea
x02929,seswar
x02929,tosa
x02933 00338,nrarrc
x02933,rarrc
x02935,cudarrr
x02936,ldca
x02937,rdca
x02938,cudarrl
x02939,larrpl
x02945,rarrpl
x02948,harrcir
x02949,Uarrocir
x02950,DownLeftRightVector
x02951,LeftUpDownVector
x02952,LeftVectorBar
x02953,RightVectorBar
x02954,RightUpVectorBar
x02955,RightDownVectorBar
x02956,DownLeftVectorBar
x02957,DownRightVectorBar
x02958,LeftUpVectorBar
x02959,LeftDownVectorBar
x02960,LeftUpTeeVector
x02961,LeftDownTeeVector
x02962,lHar
x02963,uHar
x02964,rHar
x02965,dHar
x02966,luruhar
x02967,ldrdhar
x02968,ruluhar
x02969,rdldhar
x02970,RoundImplies
x02971,erarr
x02972,simrarr
x02973,larrsim
x02974,rarrsim
x02975,rarrap
x02976,ltlarr
x02978,gtrarr
x02979,subrarr
x02985,lopar
x02986,ropar
x02990,rbrkslu
x02991,langd
x02992,rangd
x02993,lparlt
x02994,rpargt
x02995,gtlPar
x02996,ltrPar
