0000A,NewLine;
000A0,nbsp
000A0,nbsp;
000A0,NonBreakingSpace;
000A1,iexcl
000A1,iexcl;
000A2,cent
000A2,cent;
000A3,pound
000A3,pound;
000A4,curren
000A4,curren;
000A5,yen
000A5,yen;
000A6,brvbar
000A6,brvbar;
000A7,sect
000A7,sect;
000A8,die;
000A8,Dot;
000A8,DoubleDot;
000A8,uml
000A8,uml;
000A9,copy
000A9,COPY
000A9,copy;
000A9,COPY;
000AA,ordf
000AA,ordf;
000AB,laquo
000AB,laquo;
000AC,not
000AC,not;
000AD,shy
000AD,shy;
000AE,circledR;
000AE,reg
000AE,REG
000AE,reg;
000AE,REG;
000AF,macr
000AF,macr;
000AF,strns;
000B0,deg
000B0,deg;
000B1,PlusMinus;
000B1,plusmn
000B1,plusmn;
000B1,pm;
000B2,sup2
000B2,sup2;
000B3,sup3
000B3,sup3;
000B4,acute
000B4,acute;
000B4,DiacriticalAcute;
000B5,micro
000B5,micro;
000B6,para
000B6,para;
000B7,centerdot;
000B7,CenterDot;
000B7,middot
000B7,middot;
000B8,cedil
000B8,cedil;
000B8,Cedilla;
000B9,sup1
000B9,sup1;
000BA,ordm
000BA,ordm;
000BB,raquo
000BB,raquo;
000BC,frac14
000BC,frac14;
000BD,frac12
000BD,frac12;
000BD,half;
000BE,frac34
000BE,frac34;
000BF,iquest
000BF,iquest;
000C0,Agrave
000C0,Agrave;
000C1,Aacute
000C1,Aacute;
000C2,Acirc
000C2,Acirc;
000C3,Atilde
000C3,Atilde;
000C4,Auml
000C4,Auml;
000C5,angst;
000C5,Aring
000C5,Aring;
000C6,AElig
000C6,AElig;
000C7,Ccedil
000C7,Ccedil;
000C8,Egrave
000C8,Egrave;
000C9,Eacute
000C9,Eacute;
000CA,Ecirc
000CA,Ecirc;
000CB,Euml
000CB,Euml;
000CC,Igrave
000CC,Igrave;
000CD,Iacute
000CD,Iacute;
000CE,Icirc
000CE,Icirc;
000CF,Iuml
000CF,Iuml;
000D0,ETH
000D0,ETH;
000D1,Ntilde
000D1,Ntilde;
000D2,Ograve
000D2,Ograve;
000D3,Oacute
000D3,Oacute;
000D4,Ocirc
000D4,Ocirc;
000D5,Otilde
000D5,Otilde;
000D6,Ouml
000D6,Ouml;
000D7,times
000D7,times;
000D8,Oslash
000D8,Oslash;
000D9,Ugrave
000D9,Ugrave;
000DA,Uacute
000DA,Uacute;
000DB,Ucirc
000DB,Ucirc;
000DC,Uuml
000DC,Uuml;
000DD,Yacute
000DD,Yacute;
000DE,THORN
000DE,THORN;
000DF,szlig
000DF,szlig;
000E0,agrave
000E0,agrave;
000E1,aacute
000E1,aacute;
000E2,acirc
000E2,acirc;
000E3,atilde
000E3,atilde;
000E4,auml
000E4,auml;
000E5,aring
000E5,aring;
000E6,aelig
000E6,aelig;
000E7,ccedil
000E7,ccedil;
000E8,egrave
000E8,egrave;
000E9,eacute
000E9,eacute;
000EA,ecirc
000EA,ecirc;
000EB,euml
000EB,euml;
000EC,igrave
000EC,igrave;
000ED,iacute
000ED,iacute;
000EE,icirc
000EE,icirc;
000EF,iuml
000EF,iuml;
000F0,eth
000F0,eth;
000F1,ntilde
000F1,ntilde;
000F2,ograve
000F2,ograve;
000F3,oacute
000F3,oacute;
000F4,ocirc
000F4,ocirc;
000F5,otilde
000F5,otilde;
000F6,ouml
000F6,ouml;
000F7,div;
000F7,divide
000F7,divide;
000F8,oslash
000F8,oslash;
000F9,ugrave
000F9,ugrave;
000FA,uacute
000FA,uacute;
000FB,ucirc
000FB,ucirc;
0FB00,fflig;
0FB01,filig;
0FB02,fllig;
0FB03,ffilig;
0FB04,ffllig;
000FC,uuml
000FC,uuml;
000FD,yacute
000FD,yacute;
000FE,thorn
000FE,thorn;
000FF,yuml
000FF,yuml;
001B5,imped;
1D4A2,Gscr;
1D4A5,Jscr;
1D4A6,Kscr;
1D4A9,Nscr;
1D4AA,Oscr;
1D4AB,Pscr;
1D4AC,Qscr;
1D4AE,Sscr;
1D4AF,Tscr;
1D4B0,Uscr;
1D4B1,Vscr;
1D4B2,Wscr;
1D4B3,Xscr;
1D4B4,Yscr;
1D4B5,Zscr;
1D4B6,ascr;
1D4B7,bscr;
1D4B8,cscr;
1D4B9,dscr;
1D4BB,fscr;
1D4BD,hscr;
1D4BE,iscr;
1D4BF,jscr;
1D4C0,kscr;
1D4C1,lscr;
1D4C2,mscr;
1D4C3,nscr;
1D4C5,pscr;
1D4C6,qscr;
1D4C7,rscr;
1D4C8,sscr;
1D4C9,tscr;
1D4CA,uscr;
1D4CB,vscr;
1D4CC,wscr;
1D4CD,xscr;
1D4CE,yscr;
1D4CF,zscr;
1D49C,Ascr;
1D49E,Cscr;
1D49F,Dscr;
1D50A,Gfr;
1D50D,Jfr;
1D50E,Kfr;
1D50F,Lfr;
1D51A,Wfr;
1D51B,Xfr;
1D51C,Yfr;
1D51E,afr;
1D51F,bfr;
1D52A,mfr;
1D52B,nfr;
1D52C,ofr;
1D52D,pfr;
1D52E,qfr;
1D52F,rfr;
1D53B,Dopf;
1D53C,Eopf;
1D53D,Fopf;
1D53E,Gopf;
1D54A,Sopf;
1D54B,Topf;
1D54C,Uopf;
1D54D,Vopf;
1D54E,Wopf;
1D54F,Xopf;
1D55A,iopf;
1D55B,jopf;
1D55C,kopf;
1D55D,lopf;
1D55E,mopf;
1D55F,nopf;
1D56A,yopf;
1D56B,zopf;
1D504,Afr;
1D505,Bfr;
1D507,Dfr;
1D508,Efr;
1D509,Ffr;
1D510,Mfr;
1D511,Nfr;
1D512,Ofr;
1D513,Pfr;
1D514,Qfr;
1D516,Sfr;
1D517,Tfr;
1D518,Ufr;
1D519,Vfr;
1D520,cfr;
1D521,dfr;
1D522,efr;
1D523,ffr;
1D524,gfr;
1D525,hfr;
1D526,ifr;
1D527,jfr;
1D528,kfr;
1D529,lfr;
1D530,sfr;
1D531,tfr;
1D532,ufr;
1D533,vfr;
1D534,wfr;
1D535,xfr;
1D536,yfr;
1D537,zfr;
1D538,Aopf;
1D539,Bopf;
1D540,Iopf;
1D541,Jopf;
1D542,Kopf;
1D543,Lopf;
1D544,Mopf;
1D546,Oopf;
1D550,Yopf;
1D552,aopf;
1D553,bopf;
1D554,copf;
1D555,dopf;
1D556,eopf;
1D557,fopf;
1D558,gopf;
1D559,hopf;
1D560,oopf;
1D561,popf;
1D562,qopf;
1D563,ropf;
1D564,sopf;
1D565,topf;
1D566,uopf;
1D567,vopf;
1D568,wopf;
1D569,xopf;
001F5,gacute;
0002A,ast;
0002A,midast;
02A00,bigodot;
02A00,xodot;
02A0C,iiiint;
02A0C,qint;
02A0D,fpartint;
02A01,bigoplus;
02A01,xoplus;
02A02,bigotimes;
02A02,xotime;
02A2A,minusdu;
02A2D,loplus;
02A2E,roplus;
02A2F,Cross;
02A3A,triminus;
02A3B,tritime;
02A3C,intprod;
02A3C,iprod;
02A3F,amalg;
02A04,biguplus;
02A04,xuplus;
02A4A,cupcup;
02A4B,capcap;
02A4C,ccups;
02A4D,ccaps;
02A5A,andv;
02A5B,orv;
02A5C,andd;
02A5D,ord;
02A5F,wedbar;
02A06,bigsqcup;
02A06,xsqcup;
02A6A,simdot;
02A6D 00338,ncongdot;
02A6D,congdot;
02A6E,easter;
02A6F,apacir;
02A7A,gtcir;
02A7B,ltquest;
02A7C,gtquest;
02A7D 00338,nleqslant;
02A7D 00338,nles;
02A7D 00338,NotLessSlantEqual;
02A7D,leqslant;
02A7D,les;
02A7D,LessSlantEqual;
02A7E 00338,ngeqslant;
02A7E 00338,nges;
02A7E 00338,NotGreaterSlantEqual;
02A7E,geqslant;
02A7E,ges;
02A7E,GreaterSlantEqual;
02A7F,lesdot;
02A8A,gnap;
02A8A,gnapprox;
02A8B,lEg;
02A8B,lesseqqgtr;
02A8C,gEl;
02A8C,gtreqqless;
02A8D,lsime;
02A8E,gsime;
02A8F,lsimg;
02A9A,eg;
02A9D,siml;
02A9E,simg;
02A9F,simlE;
02A10,cirfnint;
02A11,awint;
02A12,rppolint;
02A13,scpolint;
02A14,npolint;
02A15,pointint;
02A16,quatint;
02A17,intlarhk;
02A22,pluscir;
02A23,plusacir;
02A24,simplus;
02A25,plusdu;
02A26,plussim;
02A27,plustwo;
02A29,mcomma;
02A30,timesd;
02A31,timesbar;
02A33,smashp;
02A34,lotimes;
02A35,rotimes;
02A36,otimesas;
02A37,Otimes;
02A38,odiv;
02A39,triplus;
02A40,capdot;
02A42,ncup;
02A43,ncap;
02A44,capand;
02A45,cupor;
02A46,cupcap;
02A47,capcup;
02A48,cupbrcap;
02A49,capbrcup;
02A50,ccupssm;
02A53,And;
02A54,Or;
02A55,andand;
02A56,oror;
02A57,orslope;
02A58,andslope;
02A66,sdote;
02A70 00338,napE;
02A70,apE;
02A71,eplus;
02A72,pluse;
02A73,Esim;
02A74,Colone;
02A75,Equal;
02A77,ddotseq;
02A77,eDDot;
02A78,equivDD;
02A79,ltcir;
02A80,gesdot;
02A81,lesdoto;
02A82,gesdoto;
02A83,lesdotor;
02A84,gesdotol;
02A85,lap;
02A85,lessapprox;
02A86,gap;
02A86,gtrapprox;
02A87,lne;
02A87,lneq;
02A88,gne;
02A88,gneq;
02A89,lnap;
02A89,lnapprox;
02A90,gsiml;
02A91,lgE;
02A92,glE;
02A93,lesges;
02A94,gesles;
02A95,els;
02A95,eqslantless;
02A96,egs;
02A96,eqslantgtr;
02A97,elsdot;
02A98,egsdot;
02A99,el;
02AA0,simgE;
02AA1 00338,NotNestedLessLess;
02AA1,LessLess;
02AA2 00338,NotNestedGreaterGreater;
02AA2,GreaterGreater;
02AA4,glj;
02AA5,gla;
02AA6,ltcc;
02AA7,gtcc;
02AA8,lescc;
02AA9,gescc;
02AAA,smt;
02AAB,lat;
02AAC 0FE00,smtes;
02AAC,smte;
02AAD 0FE00,lates;
02AAD,late;
02AAE,bumpE;
02AAF 00338,NotPrecedesEqual;
02AAF 00338,npre;
02AAF 00338,npreceq;
02AAF,pre;
02AAF,PrecedesEqual;
02AAF,preceq;
02AB0 00338,NotSucceedsEqual;
02AB0 00338,nsce;
02AB0 00338,nsucceq;
02AB0,sce;
02AB0,SucceedsEqual;
02AB0,succeq;
02AB3,prE;
02AB4,scE;
02AB5,precneqq;
02AB5,prnE;
02AB6,scnE;
02AB6,succneqq;
02AB7,prap;
02AB7,precapprox;
02AB8,scap;
02AB8,succapprox;
02AB9,precnapprox;
02AB9,prnap;
02ABA,scnap;
02ABA,succnapprox;
02ABB,Pr;
02ABC,Sc;
02ABD,subdot;
02ABE,supdot;
02ABF,subplus;
02AC0,supplus;
02AC1,submult;
02AC2,supmult;
02AC3,subedot;
02AC4,supedot;
02AC5 00338,nsubE;
02AC5 00338,nsubseteqq;
02AC5,subE;
02AC5,subseteqq;
02AC6 00338,nsupE;
02AC6 00338,nsupseteqq;
02AC6,supE;
02AC6,supseteqq;
02AC7,subsim;
02AC8,supsim;
02ACB 0FE00,varsubsetneqq;
02ACB 0FE00,vsubnE;
02ACB,subnE;
02ACB,subsetneqq;
02ACC 0FE00,varsupsetneqq;
02ACC 0FE00,vsupnE;
02ACC,supnE;
02ACC,supsetneqq;
02ACF,csub;
02AD0,csup;
02AD1,csube;
02AD2,csupe;
02AD3,subsup;
02AD4,supsub;
02AD5,subsub;
02AD6,supsup;
02AD7,suphsub;
02AD8,supdsub;
02AD9,forkv;
02ADA,topfork;
02ADB,mlcp;
02AE4,Dashv;
02AE4,DoubleLeftTee;
02AE6,Vdashl;
02AE7,Barv;
02AE8,vBar;
02AE9,vBarv;
02AEB,Vbar;
02AEC,Not;
02AED,bNot;
02AEE,rnmid;
02AEF,cirmid;
02AF0,midcir;
02AF1,topcir;
02AF2,nhpar;
02AF3,parsim;
02AFD 020E5,nparsl;
02AFD,parsl;
0002B,plus;
0002C,comma;
002C6,circ;
002C7,caron;
002C7,Hacek;
002D8,breve;
002D8,Breve;
002D9,DiacriticalDot;
002D9,dot;
002DA,ring;
002DB,ogon;
002DC,DiacriticalTilde;
002DC,tilde;
002DD,dblac;
002DD,DiacriticalDoubleAcute;
0002E,period;
0002F,sol;
0003A,colon;
003A0,Pi;
003A1,Rho;
003A3,Sigma;
003A4,Tau;
003A5,Upsilon;
003A6,Phi;
003A7,Chi;
003A8,Psi;
003A9,ohm;
003A9,Omega;
0003B,semi;
003B1,alpha;
003B2,beta;
003B3,gamma;
003B4,delta;
003B5,epsi;
003B5,epsilon;
003B6,zeta;
003B7,eta;
003B8,theta;
003B9,iota;
003BA,kappa;
003BB,lambda;
003BC,mu;
003BD,nu;
003BE,xi;
003BF,omicron;
0003C 020D2,nvlt;
0003C,lt
0003C,LT
0003C,lt;
0003C,LT;
003C0,pi;
003C1,rho;
003C2,sigmaf;
003C2,sigmav;
003C2,varsigma;
003C3,sigma;
003C4,tau;
003C5,upsi;
003C5,upsilon;
003C6,phi;
003C7,chi;
003C8,psi;
003C9,omega;
0003D 020E5,bne;
0003D,equals;
003D1,thetasym;
003D1,thetav;
003D1,vartheta;
003D2,Upsi;
003D2,upsih;
003D5,phiv;
003D5,straightphi;
003D5,varphi;
003D6,piv;
003D6,varpi;
003DC,Gammad;
003DD,digamma;
003DD,gammad;
0003E 020D2,nvgt;
0003E,gt
0003E,GT
0003E,gt;
0003E,GT;
0003F,quest;
003F0,kappav;
003F0,varkappa;
003F1,rhov;
003F1,varrho;
003F5,epsiv;
003F5,straightepsilon;
003F5,varepsilon;
003F6,backepsilon;
003F6,bepsi;
0005B,lbrack;
0005B,lsqb;
0005C,bsol;
0005D,rbrack;
0005D,rsqb;
0005E,Hat;
0005F,lowbar;
0005F,UnderBar;
0007B,lbrace;
0007B,lcub;
0007C,verbar;
0007C,vert;
0007C,VerticalLine;
0007D,rbrace;
0007D,rcub;
00009,Tab;
0010A,Cdot;
0010B,cdot;
0010C,Ccaron;
0010D,ccaron;
0010E,Dcaron;
0010F,dcaron;
0011A,Ecaron;
0011B,ecaron;
0011C,Gcirc;
0011D,gcirc;
0011E,Gbreve;
0011F,gbreve;
0012A,Imacr;
0012B,imacr;
0012E,Iogon;
0012F,iogon;
0013A,lacute;
0013B,Lcedil;
0013C,lcedil;
0013D,Lcaron;
0013E,lcaron;
0013F,Lmidot;
0014A,ENG;
0014B,eng;
0014C,Omacr;
0014D,omacr;
0015A,Sacute;
0015B,sacute;
0015C,Scirc;
0015D,scirc;
0015E,Scedil;
0015F,scedil;
0016A,Umacr;
0016B,umacr;
0016C,Ubreve;
0016D,ubreve;
0016E,Uring;
0016F,uring;
0017A,zacute;
0017B,Zdot;
0017C,zdot;
0017D,Zcaron;
0017E,zcaron;
020AC,euro;
020DB,tdot;
020DB,TripleDot;
020DC,DotDot;
00021,excl;
021A0,Rarr;
021A0,twoheadrightarrow;
021A1,Darr;
021A2,larrtl;
021A2,leftarrowtail;
021A3,rarrtl;
021A3,rightarrowtail;
021A4,LeftTeeArrow;
021A4,mapstoleft;
021A5,mapstoup;
021A5,UpTeeArrow;
021A6,map;
021A6,mapsto;
021A6,RightTeeArrow;
021A7,DownTeeArrow;
021A7,mapstodown;
021A9,hookleftarrow;
021A9,larrhk;
021AA,hookrightarrow;
021AA,rarrhk;
021AB,larrlp;
021AB,looparrowleft;
021AC,looparrowright;
021AC,rarrlp;
021AD,harrw;
021AD,leftrightsquigarrow;
021AE,nharr;
021AE,nleftrightarrow;
021B0,lsh;
021B0,Lsh;
021B1,rsh;
021B1,Rsh;
021B2,ldsh;
021B3,rdsh;
021B5,crarr;
021B6,cularr;
021B6,curvearrowleft;
021B7,curarr;
021B7,curvearrowright;
021BA,circlearrowleft;
021BA,olarr;
021BB,circlearrowright;
021BB,orarr;
021BC,leftharpoonup;
021BC,LeftVector;
021BC,lharu;
021BD,DownLeftVector;
021BD,leftharpoondown;
021BD,lhard;
021BE,RightUpVector;
021BE,uharr;
021BE,upharpoonright;
021BF,LeftUpVector;
021BF,uharl;
021BF,upharpoonleft;
021C0,rharu;
021C0,rightharpoonup;
021C0,RightVector;
021C1,DownRightVector;
021C1,rhard;
021C1,rightharpoondown;
021C2,dharr;
021C2,downharpoonright;
021C2,RightDownVector;
021C3,dharl;
021C3,downharpoonleft;
021C3,LeftDownVector;
021C4,RightArrowLeftArrow;
021C4,rightleftarrows;
021C4,rlarr;
021C5,udarr;
021C5,UpArrowDownArrow;
021C6,LeftArrowRightArrow;
021C6,leftrightarrows;
021C6,lrarr;
021C7,leftleftarrows;
021C7,llarr;
021C8,upuparrows;
021C8,uuarr;
021C9,rightrightarrows;
021C9,rrarr;
021CA,ddarr;
021CA,downdownarrows;
021CB,leftrightharpoons;
021CB,lrhar;
021CB,ReverseEquilibrium;
021CC,Equilibrium;
021CC,rightleftharpoons;
021CC,rlhar;
021CD,nlArr;
021CD,nLeftarrow;
021CE,nhArr;
021CE,nLeftrightarrow;
021CF,nrArr;
021CF,nRightarrow;
021D0,DoubleLeftArrow;
021D0,lArr;
021D0,Leftarrow;
021D1,DoubleUpArrow;
021D1,uArr;
021D1,Uparrow;
021D2,DoubleRightArrow;
021D2,Implies;
021D2,rArr;
021D2,Rightarrow;
021D3,dArr;
021D3,DoubleDownArrow;
021D3,Downarrow;
021D4,DoubleLeftRightArrow;
021D4,hArr;
021D4,iff;
021D4,Leftrightarrow;
021D5,DoubleUpDownArrow;
021D5,Updownarrow;
021D5,vArr;
021D6,nwArr;
021D7,neArr;
021D8,seArr;
021D9,swArr;
021DA,lAarr;
021DA,Lleftarrow;
021DB,rAarr;
021DB,Rrightarrow;
021DD,zigrarr;
021E4,larrb;
021E4,LeftArrowBar;
021E5,rarrb;
021E5,RightArrowBar;
021F5,DownArrowUpArrow;
021F5,duarr;
021FD,loarr;
021FE,roarr;
021FF,hoarr;
00022,quot
00022,QUOT
00022,quot;
00022,QUOT;
022A0,boxtimes;
022A0,timesb;
022A1,dotsquare;
022A1,sdotb;
022A2,RightTee;
022A2,vdash;
022A3,dashv;
022A3,LeftTee;
022A4,DownTee;
022A4,top;
022A5,bot;
022A5,bottom;
022A5,perp;
022A5,UpTee;
022A7,models;
022A8,DoubleRightTee;
022A8,vDash;
022A9,Vdash;
022AA,Vvdash;
022AB,VDash;
022AC,nvdash;
022AD,nvDash;
022AE,nVdash;
022AF,nVDash;
022B0,prurel;
022B2,LeftTriangle;
022B2,vartriangleleft;
022B2,vltri;
022B3,RightTriangle;
022B3,vartriangleright;
022B3,vrtri;
022B4 020D2,nvltrie;
022B4,LeftTriangleEqual;
022B4,ltrie;
022B4,trianglelefteq;
022B5 020D2,nvrtrie;
022B5,RightTriangleEqual;
022B5,rtrie;
022B5,trianglerighteq;
022B6,origof;
022B7,imof;
022B8,multimap;
022B8,mumap;
022B9,hercon;
022BA,intcal;
022BA,intercal;
022BB,veebar;
022BD,barvee;
022BE,angrtvb;
022BF,lrtri;
022C0,bigwedge;
022C0,Wedge;
022C0,xwedge;
022C1,bigvee;
022C1,Vee;
022C1,xvee;
022C2,bigcap;
022C2,Intersection;
022C2,xcap;
022C3,bigcup;
022C3,Union;
022C3,xcup;
022C4,diam;
022C4,diamond;
022C4,Diamond;
022C5,sdot;
022C6,sstarf;
022C6,Star;
022C7,divideontimes;
022C7,divonx;
022C8,bowtie;
022C9,ltimes;
022CA,rtimes;
022CB,leftthreetimes;
022CB,lthree;
022CC,rightthreetimes;
022CC,rthree;
022CD,backsimeq;
022CD,bsime;
022CE,curlyvee;
022CE,cuvee;
022CF,curlywedge;
022CF,cuwed;
022D0,Sub;
022D0,Subset;
022D1,Sup;
022D1,Supset;
022D2,Cap;
022D3,Cup;
022D4,fork;
022D4,pitchfork;
022D5,epar;
022D6,lessdot;
022D6,ltdot;
022D7,gtdot;
022D7,gtrdot;
022D8 00338,nLl;
022D8,Ll;
022D9 00338,nGg;
022D9,Gg;
022D9,ggg;
022DA 0FE00,lesg;
022DA,leg;
022DA,lesseqgtr;
022DA,LessEqualGreater;
022DB 0FE00,gesl;
022DB,gel;
022DB,GreaterEqualLess;
022DB,gtreqless;
022DE,cuepr;
022DE,curlyeqprec;
022DF,cuesc;
022DF,curlyeqsucc;
022E0,NotPrecedesSlantEqual;
022E0,nprcue;
022E1,NotSucceedsSlantEqual;
022E1,nsccue;
022E2,NotSquareSubsetEqual;
022E2,nsqsube;
022E3,NotSquareSupersetEqual;
022E3,nsqsupe;
022E6,lnsim;
022E7,gnsim;
022E8,precnsim;
022E8,prnsim;
022E9,scnsim;
022E9,succnsim;
022EA,nltri;
022EA,NotLeftTriangle;
022EA,ntriangleleft;
022EB,NotRightTriangle;
022EB,nrtri;
022EB,ntriangleright;
022EC,nltrie;
022EC,NotLeftTriangleEqual;
022EC,ntrianglelefteq;
022ED,NotRightTriangleEqual;
022ED,nrtrie;
022ED,ntrianglerighteq;
022EE,vellip;
022EF,ctdot;
022F0,utdot;
022F1,dtdot;
022F2,disin;
022F3,isinsv;
022F4,isins;
022F5 00338,notindot;
022F5,isindot;
022F6,notinvc;
022F7,notinvb;
022F9 00338,notinE;
022F9,isinE;
022FA,nisd;
022FB,xnis;
022FC,nis;
022FD,notnivc;
022FE,notnivb;
00023,num;
023B0,lmoust;
023B0,lmoustache;
023B1,rmoust;
023B1,rmoustache;
023B4,OverBracket;
023B4,tbrk;
023B5,bbrk;
023B5,UnderBracket;
023B6,bbrktbrk;
023DC,OverParenthesis;
023DD,UnderParenthesis;
023DE,OverBrace;
023DF,UnderBrace;
023E2,trpezium;
023E7,elinters;
00024,dollar;
024C8,circledS;
024C8,oS;
00025,percnt;
025A1,squ;
025A1,square;
025A1,Square;
025AA,blacksquare;
025AA,FilledVerySmallSquare;
025AA,squarf;
025AA,squf;
025AB,EmptyVerySmallSquare;
025AD,rect;
025AE,marker;
025B1,fltns;
025B3,bigtriangleup;
025B3,xutri;
025B4,blacktriangle;
025B4,utrif;
025B5,triangle;
025B5,utri;
025B8,blacktriangleright;
025B8,rtrif;
025B9,rtri;
025B9,triangleright;
025BD,bigtriangledown;
025BD,xdtri;
025BE,blacktriangledown;
025BE,dtrif;
025BF,dtri;
025BF,triangledown;
025C2,blacktriangleleft;
025C2,ltrif;
025C3,ltri;
025C3,triangleleft;
025CA,loz;
025CA,lozenge;
025CB,cir;
025EC,tridot;
025EF,bigcirc;
025EF,xcirc;
025F8,ultri;
025F9,urtri;
025FA,lltri;
025FB,EmptySmallSquare;
025FC,FilledSmallSquare;
00026,amp
00026,AMP
00026,amp;
00026,AMP;
00027,apos;
027C8,bsolhsub;
027C9,suphsol;
027E6,LeftDoubleBracket;
027E6,lobrk;
027E7,RightDoubleBracket;
027E7,robrk;
027E8,lang;
027E8,langle;
027E8,LeftAngleBracket;
027E9,rang;
027E9,rangle;
027E9,RightAngleBracket;
027EA,Lang;
027EB,Rang;
027EC,loang;
027ED,roang;
027F5,longleftarrow;
027F5,LongLeftArrow;
027F5,xlarr;
027F6,longrightarrow;
027F6,LongRightArrow;
027F6,xrarr;
027F7,longleftrightarrow;
027F7,LongLeftRightArrow;
027F7,xharr;
027F8,DoubleLongLeftArrow;
027F8,Longleftarrow;
027F8,xlArr;
027F9,DoubleLongRightArrow;
027F9,Longrightarrow;
027F9,xrArr;
027FA,DoubleLongLeftRightArrow;
027FA,Longleftrightarrow;
027FA,xhArr;
027FC,longmapsto;
027FC,xmap;
027FF,dzigrarr;
00028,lpar;
00029,rpar;
029A4,ange;
029A5,range;
029A6,dwangle;
029A7,uwangle;
029A8,angmsdaa;
029A9,angmsdab;
029AA,angmsdac;
029AB,angmsdad;
029AC,angmsdae;
029AD,angmsdaf;
029AE,angmsdag;
029AF,angmsdah;
029B0,bemptyv;
029B1,demptyv;
029B2,cemptyv;
029B3,raemptyv;
029B4,laemptyv;
029B5,ohbar;
029B6,omid;
029B7,opar;
029B9,operp;
029BB,olcross;
029BC,odsold;
029BE,olcir;
029BF,ofcir;
029C0,olt;
029C1,ogt;
029C2,cirscir;
029C3,cirE;
029C4,solb;
029C5,bsolb;
029C9,boxbox;
029CD,trisb;
029CE,rtriltri;
029CF 00338,NotLeftTriangleBar;
029CF,LeftTriangleBar;
029D0 00338,NotRightTriangleBar;
029D0,RightTriangleBar;
029DC,iinfin;
029DD,infintie;
029DE,nvinfin;
029E3,eparsl;
029E4,smeparsl;
029E5,eqvparsl;
029EB,blacklozenge;
029EB,lozf;
029F4,RuleDelayed;
029F6,dsol;
0039A,Kappa;
0039B,Lambda;
0039C,Mu;
0039D,Nu;
0039E,Xi;
0039F,Omicron;
00040,commat;
0040A,NJcy;
0040B,TSHcy;
0040C,KJcy;
0040E,Ubrcy;
0040F,DZcy;
0041A,Kcy;
0041B,Lcy;
0041C,Mcy;
0041D,Ncy;
0041E,Ocy;
0041F,Pcy;
0042A,HARDcy;
0042B,Ycy;
0042C,SOFTcy;
0042D,Ecy;
0042E,YUcy;
0042F,YAcy;
0043A,kcy;
0043B,lcy;
0043C,mcy;
0043D,ncy;
0043E,ocy;
0043F,pcy;
0044A,hardcy;
0044B,ycy;
0044C,softcy;
0044D,ecy;
0044E,yucy;
0044F,yacy;
0045A,njcy;
0045B,tshcy;
0045C,kjcy;
0045E,ubrcy;
0045F,dzcy;
00060,DiacriticalGrave;
00060,grave;
00066 0006A,fjlig;
00100,Amacr;
00101,amacr;
00102,Abreve;
00103,abreve;
00104,Aogon;
00105,aogon;
00106,Cacute;
00107,cacute;
00108,Ccirc;
00109,ccirc;
00110,Dstrok;
00111,dstrok;
00112,Emacr;
00113,emacr;
00116,Edot;
00117,edot;
00118,Eogon;
00119,eogon;
00120,Gdot;
00121,gdot;
00122,Gcedil;
00124,Hcirc;
00125,hcirc;
00126,Hstrok;
00127,hstrok;
00128,Itilde;
00129,itilde;
00130,Idot;
00131,imath;
00131,inodot;
00132,IJlig;
00133,ijlig;
00134,Jcirc;
00135,jcirc;
00136,Kcedil;
00137,kcedil;
00138,kgreen;
00139,Lacute;
00140,lmidot;
00141,Lstrok;
00142,lstrok;
00143,Nacute;
00144,nacute;
00145,Ncedil;
00146,ncedil;
00147,Ncaron;
00148,ncaron;
00149,napos;
00150,Odblac;
00151,odblac;
00152,OElig;
00153,oelig;
00154,Racute;
00155,racute;
00156,Rcedil;
00157,rcedil;
00158,Rcaron;
00159,rcaron;
00160,Scaron;
00161,scaron;
00162,Tcedil;
00163,tcedil;
00164,Tcaron;
00165,tcaron;
00166,Tstrok;
00167,tstrok;
00168,Utilde;
00169,utilde;
00170,Udblac;
00171,udblac;
00172,Uogon;
00173,uogon;
00174,Wcirc;
00175,wcirc;
00176,Ycirc;
00177,ycirc;
00178,Yuml;
00179,Zacute;
00192,fnof;
0200A,hairsp;
0200A,VeryThinSpace;
0200B,NegativeMediumSpace;
0200B,NegativeThickSpace;
0200B,NegativeThinSpace;
0200B,NegativeVeryThinSpace;
0200B,ZeroWidthSpace;
0200C,zwnj;
0200D,zwj;
0200E,lrm;
0200F,rlm;
0201A,lsquor;
0201A,sbquo;
0201C,ldquo;
0201C,OpenCurlyDoubleQuote;
0201D,CloseCurlyDoubleQuote;
0201D,rdquo;
0201D,rdquor;
0201E,bdquo;
0201E,ldquor;
0203A,rsaquo;
0203E,oline;
0203E,OverBar;
0204F,bsemi;
0205F 0200A,ThickSpace;
0205F,MediumSpace;
0210A,gscr;
0210B,hamilt;
0210B,HilbertSpace;
0210B,Hscr;
0210C,Hfr;
0210C,Poincareplane;
0210D,Hopf;
0210D,quaternions;
0210E,planckh;
0210F,hbar;
0210F,hslash;
0210F,planck;
0210F,plankv;
0211A,Qopf;
0211A,rationals;
0211B,realine;
0211B,Rscr;
0211C,Re;
0211C,real;
0211C,realpart;
0211C,Rfr;
0211D,reals;
0211D,Ropf;
0211E,rx;
0212C,bernou;
0212C,Bernoullis;
0212C,Bscr;
0212D,Cayleys;
0212D,Cfr;
0212F,escr;
0215A,frac56;
0215B,frac18;
0215C,frac38;
0215D,frac58;
0215E,frac78;
0219A,nlarr;
0219A,nleftarrow;
0219B,nrarr;
0219B,nrightarrow;
0219D 00338,nrarrw;
0219D,rarrw;
0219D,rightsquigarrow;
0219E,Larr;
0219E,twoheadleftarrow;
0219F,Uarr;
0220B,ni;
0220B,niv;
0220B,ReverseElement;
0220B,SuchThat;
0220C,notni;
0220C,notniva;
0220C,NotReverseElement;
0220F,prod;
0220F,Product;
0221A,radic;
0221A,Sqrt;
0221D,prop;
0221D,Proportional;
0221D,propto;
0221D,varpropto;
0221D,vprop;
0221E,infin;
0221F,angrt;
0222A 0FE00,cups;
0222A,cup;
0222B,int;
0222B,Integral;
0222C,Int;
0222D,iiint;
0222D,tint;
0222E,conint;
0222E,ContourIntegral;
0222E,oint;
0222F,Conint;
0222F,DoubleContourIntegral;
0223A,mDDot;
0223B,homtht;
0223C 020D2,nvsim;
0223C,sim;
0223C,thicksim;
0223C,thksim;
0223C,Tilde;
0223D 00331,race;
0223D,backsim;
0223D,bsim;
0223E 00333,acE;
0223E,ac;
0223E,mstpos;
0223F,acd;
0224A,ape;
0224A,approxeq;
0224B 00338,napid;
0224B,apid;
0224C,backcong;
0224C,bcong;
0224D 020D2,nvap;
0224D,asympeq;
0224D,CupCap;
0224E 00338,nbump;
0224E 00338,NotHumpDownHump;
0224E,bump;
0224E,Bumpeq;
0224E,HumpDownHump;
0224F 00338,nbumpe;
0224F 00338,NotHumpEqual;
0224F,bumpe;
0224F,bumpeq;
0224F,HumpEqual;
0225A,veeeq;
0225C,triangleq;
0225C,trie;
0225F,equest;
0225F,questeq;
0226A 020D2,nLt;
0226A 00338,nLtv;
0226A 00338,NotLessLess;
0226A,ll;
0226A,Lt;
0226A,NestedLessLess;
0226B 020D2,nGt;
0226B 00338,nGtv;
0226B 00338,NotGreaterGreater;
0226B,gg;
0226B,Gt;
0226B,NestedGreaterGreater;
0226C,between;
0226C,twixt;
0226D,NotCupCap;
0226E,nless;
0226E,nlt;
0226E,NotLess;
0226F,ngt;
0226F,ngtr;
0226F,NotGreater;
0227A,pr;
0227A,prec;
0227A,Precedes;
0227B,sc;
0227B,succ;
0227B,Succeeds;
0227C,prcue;
0227C,preccurlyeq;
0227C,PrecedesSlantEqual;
0227D,sccue;
0227D,succcurlyeq;
0227D,SucceedsSlantEqual;
0227E,PrecedesTilde;
0227E,precsim;
0227E,prsim;
0227F 00338,NotSucceedsTilde;
0227F,scsim;
0227F,SucceedsTilde;
0227F,succsim;
0228A 0FE00,varsubsetneq;
0228A 0FE00,vsubne;
0228A,subne;
0228A,subsetneq;
0228B 0FE00,varsupsetneq;
0228B 0FE00,vsupne;
0228B,supne;
0228B,supsetneq;
0228D,cupdot;
0228E,UnionPlus;
0228E,uplus;
0228F 00338,NotSquareSubset;
0228F,sqsub;
0228F,sqsubset;
0228F,SquareSubset;
0229A,circledcirc;
0229A,ocir;
0229B,circledast;
0229B,oast;
0229D,circleddash;
0229D,odash;
0229E,boxplus;
0229E,plusb;
0229F,boxminus;
0229F,minusb;
0230A,LeftFloor;
0230A,lfloor;
0230B,rfloor;
0230B,RightFloor;
0230C,drcrop;
0230D,dlcrop;
0230E,urcrop;
0230F,ulcrop;
0231C,ulcorn;
0231C,ulcorner;
0231D,urcorn;
0231D,urcorner;
0231E,dlcorn;
0231E,llcorner;
0231F,drcorn;
0231F,lrcorner;
0232D,cylcty;
0232E,profalar;
0233D,ovbar;
0233F,solbar;
00237,jmath;
0237C,angzarr;
0250C,boxdr;
0251C,boxvr;
0252C,boxhd;
0253C,boxvh;
0255A,boxUR;
0255B,boxuL;
0255C,boxUl;
0255D,boxUL;
0255E,boxvR;
0255F,boxVr;
0256A,boxvH;
0256B,boxVh;
0256C,boxVH;
0260E,phone;
0266A,sung;
0266D,flat;
0266E,natur;
0266E,natural;
0266F,sharp;
0290C,lbarr;
0290D,bkarow;
0290D,rbarr;
0290E,lBarr;
0290F,dbkarow;
0290F,rBarr;
0291A,ratail;
0291B,lAtail;
0291C,rAtail;
0291D,larrfs;
0291E,rarrfs;
0291F,larrbfs;
0292A,swnwar;
0293C,curarrm;
0293D,cularrp;
0294A,lurdshar;
0294B,ldrushar;
0294E,LeftRightVector;
0294F,RightUpDownVector;
0295A,LeftTeeVector;
0295B,RightTeeVector;
0295C,RightUpTeeVector;
0295D,RightDownTeeVector;
0295E,DownLeftTeeVector;
0295F,DownRightTeeVector;
0296A,lharul;
0296B,llhard;
0296C,rharul;
0296D,lrhard;
0296E,udhar;
0296E,UpEquilibrium;
0296F,duhar;
0296F,ReverseUpEquilibrium;
0297B,suplarr;
0297C,lfisht;
0297D,rfisht;
0297E,ufisht;
0297F,dfisht;
0298B,lbrke;
0298C,rbrke;
0298D,lbrkslu;
0298E,rbrksld;
0298F,lbrksld;
0299A,vzigzag;
0299C,vangrt;
0299D,angrtvbd;
00311,DownBreve;
00391,Alpha;
00392,Beta;
00393,Gamma;
00394,Delta;
00395,Epsilon;
00396,Zeta;
00397,Eta;
00398,Theta;
00399,Iota;
00401,IOcy;
00402,DJcy;
00403,GJcy;
00404,Jukcy;
00405,DScy;
00406,Iukcy;
00407,YIcy;
00408,Jsercy;
00409,LJcy;
00410,Acy;
00411,Bcy;
00412,Vcy;
00413,Gcy;
00414,Dcy;
00415,IEcy;
00416,ZHcy;
00417,Zcy;
00418,Icy;
00419,Jcy;
00420,Rcy;
00421,Scy;
00422,Tcy;
00423,Ucy;
00424,Fcy;
00425,KHcy;
00426,TScy;
00427,CHcy;
00428,SHcy;
00429,SHCHcy;
00430,acy;
00431,bcy;
00432,vcy;
00433,gcy;
00434,dcy;
00435,iecy;
00436,zhcy;
00437,zcy;
00438,icy;
00439,jcy;
00440,rcy;
00441,scy;
00442,tcy;
00443,ucy;
00444,fcy;
00445,khcy;
00446,tscy;
00447,chcy;
00448,shcy;
00449,shchcy;
00451,iocy;
00452,djcy;
00453,gjcy;
00454,jukcy;
00455,dscy;
00456,iukcy;
00457,yicy;
00458,jsercy;
00459,ljcy;
02002,ensp;
02003,emsp;
02004,emsp13;
02005,emsp14;
02007,numsp;
02008,puncsp;
02009,thinsp;
02009,ThinSpace;
02010,dash;
02010,hyphen;
02013,ndash;
02014,mdash;
02015,horbar;
02016,Verbar;
02016,Vert;
02018,lsquo;
02018,OpenCurlyQuote;
02019,CloseCurlyQuote;
02019,rsquo;
02019,rsquor;
02020,dagger;
02021,Dagger;
02021,ddagger;
02022,bull;
02022,bullet;
02025,nldr;
02026,hellip;
02026,mldr;
02030,permil;
02031,pertenk;
02032,prime;
02033,Prime;
02034,tprime;
02035,backprime;
02035,bprime;
02039,lsaquo;
02041,caret;
02043,hybull;
02044,frasl;
02057,qprime;
02060,NoBreak;
02061,af;
02061,ApplyFunction;
02062,InvisibleTimes;
02062,it;
02063,ic;
02063,InvisibleComma;
02102,complexes;
02102,Copf;
02105,incare;
02110,imagline;
02110,Iscr;
02111,Ifr;
02111,Im;
02111,image;
02111,imagpart;
02112,lagran;
02112,Laplacetrf;
02112,Lscr;
02113,ell;
02115,naturals;
02115,Nopf;
02116,numero;
02117,copysr;
02118,weierp;
02118,wp;
02119,Popf;
02119,primes;
02122,trade;
02122,TRADE;
02124,integers;
02124,Zopf;
02127,mho;
02128,zeetrf;
02128,Zfr;
02129,iiota;
02130,Escr;
02130,expectation;
02131,Fouriertrf;
02131,Fscr;
02133,Mellintrf;
02133,Mscr;
02133,phmmat;
02134,order;
02134,orderof;
02134,oscr;
02135,alefsym;
02135,aleph;
02136,beth;
02137,gimel;
02138,daleth;
02145,CapitalDifferentialD;
02145,DD;
02146,dd;
02146,DifferentialD;
02147,ee;
02147,exponentiale;
02147,ExponentialE;
02148,ii;
02148,ImaginaryI;
02153,frac13;
02154,frac23;
02155,frac15;
02156,frac25;
02157,frac35;
02158,frac45;
02159,frac16;
02190,larr;
02190,leftarrow;
02190,LeftArrow;
02190,ShortLeftArrow;
02190,slarr;
02191,ShortUpArrow;
02191,uarr;
02191,uparrow;
02191,UpArrow;
02192,rarr;
02192,rightarrow;
02192,RightArrow;
02192,ShortRightArrow;
02192,srarr;
02193,darr;
02193,downarrow;
02193,DownArrow;
02193,ShortDownArrow;
02194,harr;
02194,leftrightarrow;
02194,LeftRightArrow;
02195,updownarrow;
02195,UpDownArrow;
02195,varr;
02196,nwarr;
02196,nwarrow;
02196,UpperLeftArrow;
02197,nearr;
02197,nearrow;
02197,UpperRightArrow;
02198,LowerRightArrow;
02198,searr;
02198,searrow;
02199,LowerLeftArrow;
02199,swarr;
02199,swarrow;
02200,forall;
02200,ForAll;
02201,comp;
02201,complement;
02202 00338,npart;
02202,part;
02202,PartialD;
02203,exist;
02203,Exists;
02204,nexist;
02204,nexists;
02204,NotExists;
02205,empty;
02205,emptyset;
02205,emptyv;
02205,varnothing;
02207,Del;
02207,nabla;
02208,Element;
02208,in;
02208,isin;
02208,isinv;
02209,NotElement;
02209,notin;
02209,notinva;
02210,coprod;
02210,Coproduct;
02211,sum;
02211,Sum;
02212,minus;
02213,MinusPlus;
02213,mnplus;
02213,mp;
02214,dotplus;
02214,plusdo;
02216,Backslash;
02216,setminus;
02216,setmn;
02216,smallsetminus;
02216,ssetmn;
02217,lowast;
02218,compfn;
02218,SmallCircle;
02220 020D2,nang;
02220,ang;
02220,angle;
02221,angmsd;
02221,measuredangle;
02222,angsph;
02223,mid;
02223,shortmid;
02223,smid;
02223,VerticalBar;
02224,nmid;
02224,NotVerticalBar;
02224,nshortmid;
02224,nsmid;
02225,DoubleVerticalBar;
02225,par;
02225,parallel;
02225,shortparallel;
02225,spar;
02226,NotDoubleVerticalBar;
02226,npar;
02226,nparallel;
02226,nshortparallel;
02226,nspar;
02227,and;
02227,wedge;
02228,or;
02228,vee;
02229 0FE00,caps;
02229,cap;
02230,Cconint;
02231,cwint;
02232,ClockwiseContourIntegral;
02232,cwconint;
02233,awconint;
02233,CounterClockwiseContourIntegral;
02234,there4;
02234,therefore;
02234,Therefore;
02235,becaus;
02235,because;
02235,Because;
02236,ratio;
02237,Colon;
02237,Proportion;
02238,dotminus;
02238,minusd;
02240,VerticalTilde;
02240,wr;
02240,wreath;
02241,NotTilde;
02241,nsim;
02242 00338,nesim;
02242 00338,NotEqualTilde;
02242,eqsim;
02242,EqualTilde;
02242,esim;
02243,sime;
02243,simeq;
02243,TildeEqual;
02244,NotTildeEqual;
02244,nsime;
02244,nsimeq;
02245,cong;
02245,TildeFullEqual;
02246,simne;
02247,ncong;
02247,NotTildeFullEqual;
02248,ap;
02248,approx;
02248,asymp;
02248,thickapprox;
02248,thkap;
02248,TildeTilde;
02249,nap;
02249,napprox;
02249,NotTildeTilde;
02250 00338,nedot;
02250,doteq;
02250,DotEqual;
02250,esdot;
02251,doteqdot;
02251,eDot;
02252,efDot;
02252,fallingdotseq;
02253,erDot;
02253,risingdotseq;
02254,Assign;
02254,colone;
02254,coloneq;
02255,ecolon;
02255,eqcolon;
02256,ecir;
02256,eqcirc;
02257,circeq;
02257,cire;
02259,wedgeq;
02260,ne;
02260,NotEqual;
02261 020E5,bnequiv;
02261,Congruent;
02261,equiv;
02262,nequiv;
02262,NotCongruent;
02264 020D2,nvle;
02264,le;
02264,leq;
02265 020D2,nvge;
02265,ge;
02265,geq;
02265,GreaterEqual;
02266 00338,nlE;
02266 00338,nleqq;
02266,lE;
02266,leqq;
02266,LessFullEqual;
02267 00338,ngE;
02267 00338,ngeqq;
02267 00338,NotGreaterFullEqual;
02267,gE;
02267,geqq;
02267,GreaterFullEqual;
02268 0FE00,lvertneqq;
02268 0FE00,lvnE;
02268,lnE;
02268,lneqq;
02269 0FE00,gvertneqq;
02269 0FE00,gvnE;
02269,gnE;
02269,gneqq;
02270,nle;
02270,nleq;
02270,NotLessEqual;
02271,nge;
02271,ngeq;
02271,NotGreaterEqual;
02272,lesssim;
02272,LessTilde;
02272,lsim;
02273,GreaterTilde;
02273,gsim;
02273,gtrsim;
02274,nlsim;
02274,NotLessTilde;
02275,ngsim;
02275,NotGreaterTilde;
02276,LessGreater;
02276,lessgtr;
02276,lg;
02277,gl;
02277,GreaterLess;
02277,gtrless;
02278,NotLessGreater;
02278,ntlg;
02279,NotGreaterLess;
02279,ntgl;
02280,NotPrecedes;
02280,npr;
02280,nprec;
02281,NotSucceeds;
02281,nsc;
02281,nsucc;
02282 020D2,NotSubset;
02282 020D2,nsubset;
02282 020D2,vnsub;
02282,sub;
02282,subset;
02283 020D2,NotSuperset;
02283 020D2,nsupset;
02283 020D2,vnsup;
02283,sup;
02283,Superset;
02283,supset;
02284,nsub;
02285,nsup;
02286,sube;
02286,subseteq;
02286,SubsetEqual;
02287,supe;
02287,SupersetEqual;
02287,supseteq;
02288,NotSubsetEqual;
02288,nsube;
02288,nsubseteq;
02289,NotSupersetEqual;
02289,nsupe;
02289,nsupseteq;
02290 00338,NotSquareSuperset;
02290,sqsup;
02290,sqsupset;
02290,SquareSuperset;
02291,sqsube;
02291,sqsubseteq;
02291,SquareSubsetEqual;
02292,sqsupe;
02292,sqsupseteq;
02292,SquareSupersetEqual;
02293 0FE00,sqcaps;
02293,sqcap;
02293,SquareIntersection;
02294 0FE00,sqcups;
02294,sqcup;
02294,SquareUnion;
02295,CirclePlus;
02295,oplus;
02296,CircleMinus;
02296,ominus;
02297,CircleTimes;
02297,otimes;
02298,osol;
02299,CircleDot;
02299,odot;
02305,barwed;
02305,barwedge;
02306,Barwed;
02306,doublebarwedge;
02308,lceil;
02308,LeftCeiling;
02309,rceil;
02309,RightCeiling;
02310,bnot;
02312,profline;
02313,profsurf;
02315,telrec;
02316,target;
02322,frown;
02322,sfrown;
02323,smile;
02323,ssmile;
02336,topbot;
02423,blank;
02500,boxh;
02500,HorizontalLine;
02502,boxv;
02510,boxdl;
02514,boxur;
02518,boxul;
02524,boxvl;
02534,boxhu;
02550,boxH;
02551,boxV;
02552,boxdR;
02553,boxDr;
02554,boxDR;
02555,boxdL;
02556,boxDl;
02557,boxDL;
02558,boxuR;
02559,boxUr;
02560,boxVR;
02561,boxvL;
02562,boxVl;
02563,boxVL;
02564,boxHd;
02565,boxhD;
02566,boxHD;
02567,boxHu;
02568,boxhU;
02569,boxHU;
02580,uhblk;
02584,lhblk;
02588,block;
02591,blk14;
02592,blk12;
02593,blk34;
02605,bigstar;
02605,starf;
02606,star;
02640,female;
02642,male;
02660,spades;
02660,spadesuit;
02663,clubs;
02663,clubsuit;
02665,hearts;
02665,heartsuit;
02666,diamondsuit;
02666,diams;
02713,check;
02713,checkmark;
02717,cross;
02720,malt;
02720,maltese;
02736,sext;
02758,VerticalSeparator;
02772,lbbrk;
02773,rbbrk;
02902,nvlArr;
02903,nvrArr;
02904,nvHarr;
02905,Map;
02910,drbkarow;
02910,RBarr;
02911,DDotrahd;
02912,UpArrowBar;
02913,DownArrowBar;
02916,Rarrtl;
02919,latail;
02920,rarrbfs;
02923,nwarhk;
02924,nearhk;
02925,hksearow;
02925,searhk;
02926,hkswarow;
02926,swarhk;
02927,nwnear;
02928,nesear;
02928,toea;
02929,seswar;
02929,tosa;
02933 00338,nrarrc;
02933,rarrc;
02935,cudarrr;
02936,ldca;
02937,rdca;
02938,cudarrl;
02939,larrpl;
02945,rarrpl;
02948,harrcir;
02949,Uarrocir;
02950,DownLeftRightVector;
02951,LeftUpDownVector;
02952,LeftVectorBar;
02953,RightVectorBar;
02954,RightUpVectorBar;
02955,RightDownVectorBar;
02956,DownLeftVectorBar;
02957,DownRightVectorBar;
02958,LeftUpVectorBar;
02959,LeftDownVectorBar;
02960,LeftUpTeeVector;
02961,LeftDownTeeVector;
02962,lHar;
02963,uHar;
02964,rHar;
02965,dHar;
02966,luruhar;
02967,ldrdhar;
02968,ruluhar;
02969,rdldhar;
02970,RoundImplies;
02971,erarr;
02972,simrarr;
02973,larrsim;
02974,rarrsim;
02975,rarrap;
02976,ltlarr;
02978,gtrarr;
02979,subrarr;
02985,lopar;
02986,ropar;
02990,rbrkslu;
02991,langd;
02992,rangd;
02993,lparlt;
02994,rpargt;
02995,gtlPar;
02996,ltrPar;
