Dc,Short,Name (!=deprecated),◌,⇆,Aa,Type,Script,"Aliases; >=xref, <=decompos., :=Dc syntax, @chain",Description,Ident (Rust-friendly),Category,"Extensions (Primary extension first, followed by comma-separated alternatives)","MIME (Primary MIME type first, followed by comma-separated aliases)",Apple Uniform Type Identifier (UTI),Apple Type code,Nicknames (short names for uses like CLI arguments),"Import support
(for trans_:
  =run the tr.)","Export support
(for trans_:
  =reverse the
    tr.)",Tests,"Variant Types
(comma-
  delimited)",References
2228224,f0,UTF-8,0,BN,,!Cx,Formats,@base(f7),"For “encoding” formats, the extension given should have “.txt” appended to it when it’s not being used as an option for another format (e.g. HTML). Variants: unicode versions, BOM/no BOM, line ending variants (CR/LF/CRLF/the various others floating around), PUA extensions (variant:unicodePua type).",Utf8,encoding,".txt, .utf8",,,,,1,2,1,unicodePua,
2228225,f1,Internal: Short Dc Array,0,BN,,!Cx,Formats,,"Array of short Dc ints, without a defined representation - &[u32] in Rust; an in StageL",DcArray,semantic,,,,,,-1,-1,-1,,
2228226,f2,Dc Integer List (short Dcs),0,BN,,!Cx,Formats,,"ASCII text containing list of integers representing short Dcs. Strictly, one space after every int, and no newlines. Loosely, with newlines or multiple spaces, or no end space.",DcIntegerList,document,.dcil,,,,,2,3,1,,
2228227,f3,Printable ASCII,0,BN,,!Cx,Formats,,"ASCII with no control characters. Variants: Line ending variants allowed for *reading*, but only CR/LF/CRLF, and all of them mean unambiguous CR+LF (=EOL), and should be interpreted as such on import and emitted as such on export, thus preserving line-endings by requiring non-CRLF to be stored using a higher-level protocol (e.g. base64ing the content and using this as an ASCII armor format only). How useful this format is is debateable.",AsciiSafeSubset,encoding,".txt, .ascii",,,,,3,3,1,,
2228228,f4,ASCII,0,BN,,!Cx,Formats,,7-bit ASCII. Variants: Line ending variants,Ascii,encoding,".txt, .ascii",,,,,3,3,1,lineEndings,
2228229,f5,HTML,0,BN,,!Cx,Formats,,,Html,document,".htm, .html",,,,,,1,1,encoding,
2228230,f6,SEMS (short Dcs),0,BN,,!Cx,Formats,,"Space-separated list of ints representing short Dcs, with comments. Comments are UTF-8. Strictly, one space after every int, valid UTF-8 comments only, and a final newline.",Sems,document,.sems,,,,,2,,1,,
2228231,f7,Unicode,0,BN,,!Cx,Formats,,Array of ints representing Unicode characters. Might include things that aren’t valid unicode.,Unicode,semantic,,,,,,-1,-1,-1,,
2228232,f8,VT100,0,BN,,!Cx,Formats,@base(f9),Terminal format is an option for text files; when exporting would get the extension format: [terminal].[encoding].txt for example: vt100.utf8.txt,Vt100,videoterminal,.vt100,,,,,,,,,
2228233,f9,Character-mode terminal,0,BN,,!Cx,Formats,,"Variants: terminal, encoding",Videoterminal,device_caps,.txt,,,,,,,,,
2228234,f10,Character-mode teleprinter,0,BN,,!Cx,Formats,,"Variants: terminal, encoding. (A printer that can overstrike etc. would still be considered immutable; immutable refers to whether it can erase. Raster, postscript, etc. printers would use their respective formats rather than this one.)",Teleprinter,device_caps,.txt,,,,,,,,,
2228235,f11,Dc in Unicode,0,BN,,!Cx,Formats,@base(f7),unicodePua = extension to Unicode using the Private Use Areas,DcBasenb,v:unicodePua,.dcbnb,,,,,,,,,
2228236,f12,BaseNb family,0,BN,,!Cx,Formats,@base(f57),"data = format that can hold generic binary data (or at least, generic sequences of bytes; not all formats support generic numbers of bits).",BaseNb,armor,.basenb,,,,,,,,,
2228237,f13,HTML fragment,0,BN,,!Cx,Formats,,Variants: same as HTML,HtmlFragment,document,.htmfrag,,,,,,1,1,,
2228238,f14,Text,0,BN,,!Cx,Formats,,HTML and text both should default to UTF8 as the default encoding. Encodings fill a somewhat odd role since they are both encodings and formats (with the text format plus a given encoding being the same thing as that encoding by itself).,Text,document,.txt,,,,,,,,encoding,
2228239,f15,English,0,BN,,!Cx,Formats,,"Most formats have language variant types, for printing structured metadata where it’s not supported. Whether it should be printed by default is debateable.",Lang_En,language,~\.en\.~,,,,,,1,,,
2228240,f16,English (US),0,BN,,!Cx,Formats,@base(f15),"Language variants aren’t handled as format variants of the languages they are variants of, since there aren’t tons of possible combinations (at least that are practical to support). Instead, the type is given as lv: followed by the language identifier of which they are a variant (without the lang_ prefix).",Lang_En_Us,language,~\.en-US\.~,,,,,,,,,
2228241,f17,EITE Language in ASCII documents (ELAD),0,BN,,!Cx,Formats,,,Elad,document,.elad,,,,,,1,,,
2228242,f18,JavaScript,0,BN,,!Cx,Formats,,"Programming languages are both formats on their own account, and variants of other formats: for exporting to a text-based format, you could opt to have programmatic Dcs exported to a programming language or a natlang.",JavaScript,programming,.js,,,,,,,,,
2228243,f19,Semantic Dcs to text,0,BN,,!Cx,Formats,,“transformation” types operate on documents stored as arrays of Dcs.,SemanticToText,transformation,,,,,,1,,,,
2228244,f20,Programmatic Dcs to text,0,BN,,!Cx,Formats,,,CodeToText,transformation,,,,,,1,,,,
2228245,f21,Color-coded HTML integer list,0,BN,,!Cx,Formats,,HTML file containing color-coded Dc integer list,EiteColorCoded,document,.htm,,,,,,1,,,
2228246,f22,Lines terminated by LF,0,BN,,!Cx,Formats,,U+000A after each line including the final line. Traditionally associated with POSIX. Character encoding is specified separately.,LineEndingLf,v:lineEndings,,,,,,,,,,
2228247,f23,Lines terminated by CR,0,BN,,!Cx,Formats,,U+000D after each line including the final line. Traditionally associated with classic Mac OS. Character encoding is specified separately.,LineEndingCr,v:lineEndings,,,,,,,,,,
2228248,f24,Lines terminated by CRLF,0,BN,,!Cx,Formats,,U+000D U+000A after each line including the final line. Traditionally associated with Windows. Character encoding is specified separately.,LineEndingCrLf,v:lineEndings,,,,,,,,,,
2228249,f25,Lines terminated by LFCR,0,BN,,!Cx,Formats,,U+000A U+000D after each line including the final line. Traditionally associated with Acorn/RISC systems. Character encoding is specified separately.,LineEndingLfCr,v:lineEndings,,,,,,,,,,
2228250,f26,Lines terminated by RS,0,BN,,!Cx,Formats,,U+001E after each line including the final line. Traditionally associated with QNX. Character encoding is specified separately.,LineEndingRs,v:lineEndings,,,,,,,,,,
2228251,f27,Lines terminated by NL (NEL),0,BN,,!Cx,Formats,,U+0085 after each line including the final line. Traditionally associated with EBCDIC/IBM. Character encoding is specified separately; NEL is not a fixed byte value across encodings.,LineEndingNl,v:lineEndings,,,,,,,,,,
2228252,f28,Lines separated by LF,0,BN,,!Cx,Formats,,U+000A between lines. A trailing separator introduces a final empty line. Character encoding is specified separately.,LineSeparatorLf,v:lineEndings,,,,,,,,,,
2228253,f29,Lines separated by CR,0,BN,,!Cx,Formats,,U+000D between lines. A trailing separator introduces a final empty line. Character encoding is specified separately.,LineSeparatorCr,v:lineEndings,,,,,,,,,,
2228254,f30,Lines separated by CRLF,0,BN,,!Cx,Formats,,U+000D U+000A between lines. A trailing separator introduces a final empty line. Character encoding is specified separately.,LineSeparatorCrLf,v:lineEndings,,,,,,,,,,
2228255,f31,Lines separated by LFCR,0,BN,,!Cx,Formats,,U+000A U+000D between lines. A trailing separator introduces a final empty line. Character encoding is specified separately.,LineSeparatorLfCr,v:lineEndings,,,,,,,,,,
2228256,f32,Lines separated by RS,0,BN,,!Cx,Formats,,U+001E between lines. A trailing separator introduces a final empty line. Character encoding is specified separately.,LineSeparatorRs,v:lineEndings,,,,,,,,,,
2228257,f33,Lines separated by NL (NEL),0,BN,,!Cx,Formats,,U+0085 between lines. A trailing separator introduces a final empty line. Character encoding is specified separately; NEL is not a fixed byte value across encodings.,LineSeparatorNl,v:lineEndings,,,,,,,,,,
2228258,f34,Brotli compression (RFC 9841),0,BN,,!Cx,Formats,,,Brotli,compression,.br,,,,"brotli, br",,,,,
2228259,f35,GNU gzip compression (RFC 1952),0,BN,,!Cx,Formats,,,Gzip,compression,.gz,,,,"gzip, gz",,,,,
2228260,f36,"Deflate compression (RFC 1591), raw",0,BN,,!Cx,Formats,,,Deflate,compression,.deflate,,,,"deflate, raw-deflate",,,,,
2228261,f37,Zlib compression (RFC 1950) (wrapped Deflate),0,BN,,!Cx,Formats,,,Zlib,compression,".zz, .zl",,,,"zlib, zz, zl, zlib-deflate",,,,,
2228262,f38,Bzip2 compression,0,BN,,!Cx,Formats,,,Bzip2,compression,.bz2,,,,"bzip2, bz2",,,,,
2228263,f39,Original bzip compression,0,BN,,!Cx,Formats,,,Bzip,compression,.bz,,,,bz,,,,,
2228264,f40,Zstandard compression,0,BN,,!Cx,Formats,,,Zstd,compression,".zst, .zstd",,,,"zstd, zst",,,,,
2228265,f41,Lzip compression,0,BN,,!Cx,Formats,,,Lzip,compression,.lz,,,,"lz, lzip",,,,,
2228266,f42,XZ compression,0,BN,,!Cx,Formats,,,Xz,compression,.xz,,,,"xz, xzip",,,,,
2228267,f43,compress`: SCO `compress -H` format,0,BN,,!Cx,Formats,,,ScoCompress,compression,.Z,,,,"sco, sco-compress, compress-sco, compress-h",,,,,
2228268,f44,"`compress` format, modern LZW block format",0,BN,,!Cx,Formats,,,CompressLzw,compression,.Z,,,,"compress, compress4, compress3, compress-4.0, compress-3.0",,,,,
2228269,f45,`compress` 1.0 (LZW headerless format),0,BN,,!Cx,Formats,,,CompressLzw1,compression,.Z,,,,"compress1, compress-1.0",,,,,
2228270,f46,`compress` 1.6 (LZW sorted chain format),0,BN,,!Cx,Formats,,,CompressLzw16,compression,.Z,,,,"compress16, compress1.6, compress-1.6, lzw-sorted-chain",,,,,
2228271,f47,`compress` 2.0 (LZW non-block format),0,BN,,!Cx,Formats,,,CompressLzw2,compression,.Z,,,,"compress2, compress-2.0",,,,,
2228272,f48,"`pack` format, common version (Huffman)",0,BN,,!Cx,Formats,,,Pack,compression,.z,,,,pack,,,,,
2228273,f49,"`pack` format, early PDP-11 Unix binary tree",0,BN,,!Cx,Formats,,,OldPack,compression,.z,,,,"oldpack, old-pack, early-pack",,,,,
2228274,f50,`compact` (McMaster Adaptive Huffman),0,BN,,!Cx,Formats,,,Compact,compression,.C,,,,compact,,,,,
2228275,f51,Data encoded using an alphabet,0,BN,,!Cx,Formats,,,BaseString,armor,,,,,,,,,,
2228276,f52,The standard Base64 encoding (RFC 4648),0,BN,,!Cx,Formats,@base(f51),,Base64Standard,armor,".b64, .base64",,,,,,,,,
2228277,f53,"Hexadecimal bytes, lowercase (output) or case-insensitive (input)",0,BN,,!Cx,Formats,@base(f51),"Continuous hex-encoded byte stream. When output, without separators (e.g. deadbeef for 4 bytes)",HexByteString,armor,.hex,,,,,,,,,
2228278,f54,"Hexadecimal bytes, lowercase (output) or case-insensitive (input), prefixed with 0x",0,BN,,!Cx,Formats,@base(f53),,HexByteStrings0xPrefix,armor,,,,,,,,,,
2228279,f55,Plain hexdump format,0,BN,,!Cx,Formats,@base(f308),,HexdumpPlain,armor,,,,,,,,,,
2228280,f56,Fancy hexdump format used in ctoolbox web UI,0,BN,,!Cx,Formats,@base(f308),,HexdumpFancy437,armor,,,,,,,,,,
2228281,f57,Modified Base16b family,0,BN,,!Cx,Formats,@base(f51),,Base16b,armor,,,,,,,,,,
2228282,f58,"Base16b, base 7",0,BN,,!Cx,Formats,@base(f57),,Base16b_7,armor,,,,,,,,,,
2228283,f59,"Base16b, base 8",0,BN,,!Cx,Formats,@base(f57),,Base16b_8,armor,,,,,,,,,,
2228284,f60,"Base16b, base 9",0,BN,,!Cx,Formats,@base(f57),,Base16b_9,armor,,,,,,,,,,
2228285,f61,"Base16b, base 10",0,BN,,!Cx,Formats,@base(f57),,Base16b_10,armor,,,,,,,,,,
2228286,f62,"Base16b, base 11",0,BN,,!Cx,Formats,@base(f57),,Base16b_11,armor,,,,,,,,,,
2228287,f63,"Base16b, base 12",0,BN,,!Cx,Formats,@base(f57),,Base16b_12,armor,,,,,,,,,,
2228288,f64,"Base16b, base 13",0,BN,,!Cx,Formats,@base(f57),,Base16b_13,armor,,,,,,,,,,
2228289,f65,"Base16b, base 14",0,BN,,!Cx,Formats,@base(f57),,Base16b_14,armor,,,,,,,,,,
2228290,f66,"Base16b, base 15",0,BN,,!Cx,Formats,@base(f57),,Base16b_15,armor,,,,,,,,,,
2228291,f67,"Base16b, base 16",0,BN,,!Cx,Formats,@base(f57),,Base16b_16,armor,,,,,,,,,,
2228292,f68,"Base16b, base 17",0,BN,,!Cx,Formats,@base(f57),,Base16b_17,armor,,,,,,,,,,
2228293,f69,"BaseNb, base 7",0,BN,,!Cx,Formats,@base(f12),,BaseNb_7,armor,,,,,,,,,,
2228294,f70,"BaseNb, base 8",0,BN,,!Cx,Formats,@base(f12),,BaseNb_8,armor,,,,,,,,,,
2228295,f71,"BaseNb, base 9",0,BN,,!Cx,Formats,@base(f12),,BaseNb_9,armor,,,,,,,,,,
2228296,f72,"BaseNb, base 10",0,BN,,!Cx,Formats,@base(f12),,BaseNb_10,armor,,,,,,,,,,
2228297,f73,"BaseNb, base 11",0,BN,,!Cx,Formats,@base(f12),,BaseNb_11,armor,,,,,,,,,,
2228298,f74,"BaseNb, base 12",0,BN,,!Cx,Formats,@base(f12),,BaseNb_12,armor,,,,,,,,,,
2228299,f75,"BaseNb, base 13",0,BN,,!Cx,Formats,@base(f12),,BaseNb_13,armor,,,,,,,,,,
2228300,f76,"BaseNb, base 14",0,BN,,!Cx,Formats,@base(f12),,BaseNb_14,armor,,,,,,,,,,
2228301,f77,"BaseNb, base 15",0,BN,,!Cx,Formats,@base(f12),,BaseNb_15,armor,,,,,,,,,,
2228302,f78,"BaseNb, base 16",0,BN,,!Cx,Formats,@base(f12),,BaseNb_16,armor,,,,,,,,,,
2228303,f79,"BaseNb, base 17",0,BN,,!Cx,Formats,@base(f12),,BaseNb_17,armor,,,,,,,,,,
2228304,f80,String,0,BN,,!Cx,Formats,,,String,semantic,,,,,,,,,,
2228305,f81,C string (null-terminated),0,BN,,!Cx,Formats,@base(f80),,CString,document,,,,,,,,,,
2228306,f82,Pascal string,0,BN,,!Cx,Formats,@base(f80),,PascalString,document,,,,,,,,,,
2228307,f83,UCS-2,0,BN,,!Cx,Formats,@base(f7),,Ucs2,encoding,,,,,,,,,,
2228308,f84,WTF-8,0,BN,,!Cx,Formats,@base(f7),,Wtf8,encoding,,,,,,,,,,
2228309,f85,"UTF-32, big-endian",0,BN,,!Cx,Formats,@base(f7),,Utf32_BE,encoding,,,,,,,,,,
2228310,f86,Code page 437 (CCSID 437),0,BN,,!Cx,Formats,,,Cp437,encoding,,,,,,,,,,
2228311,f87,MacRoman,0,BN,,!Cx,Formats,,,MacRoman,encoding,,,,,,,,,,
2228312,f88,DcText,0,BN,,!Cx,Formats,,,DcText,document,,,,,,,,,,
2228313,f89,DcUtf,0,BN,,!Cx,Formats,,,DcUtf,document,,,,,,,,,,
2228314,f90,DcList,0,BN,,!Cx,Formats,,,DcList,document,,,,,,,,,,
2228315,f91,DcBasenb Fragment,0,BN,,!Cx,Formats,@base(f11),,DcBasenbFragment,v:unicodePua,,,,,,,,,,
2228316,f92,CDCE,0,BN,,!Cx,Formats,,,Cdce,document,,,,,,,,,,
2228317,f93,CDCE (legacy),0,BN,,!Cx,Formats,,,CdceLegacy,document,,,,,,,,,,
2228318,f94,"CDCE (legacy, strict)",0,BN,,!Cx,Formats,,,CdceLegacyStrict,document,,,,,,,,,,
2228319,f95,DCE (automatic version selection),0,BN,,!Cx,Formats,,,Dce,document,,,,,,,,,,
2228320,f96,DCE (hex-encoded),0,BN,,!Cx,Formats,"@base(f95), @chain(f95 > f53)",,DceHex,document,,,,,,,,,,
2228321,f97,DCE 3.0a,0,BN,,!Cx,Formats,,,Dce_3_0a,document,,,,,,,,,,
2228322,f98,DCE 3.0a (raw),0,BN,,!Cx,Formats,,,Dce_3_0a_raw,document,,,,,,,,,,
2228323,f99,DCE 3.0a (hex-encoded),0,BN,,!Cx,Formats,"@base(f97), @chain(f97 > f53)",,Dce_3_0a_hex,document,,,,,,,,,,
2228324,f100,DCE 3.0a (raw hex-encoded),0,BN,,!Cx,Formats,"@base(f98), @chain(f98 > f53)",,Dce_3_0a_raw_hex,document,,,,,,,,,,
2228325,f101,DCE 3.0a (old translator),0,BN,,!Cx,Formats,,,Dce_3_0a_old,document,,,,,,,,,,
2228326,f102,dce2txt,0,BN,,!Cx,Formats,,,Dce2txt,document,,,,,,,,,,
2228327,f103,dce2hex,0,BN,,!Cx,Formats,,,Dce2hex,document,,,,,,,,,,
2228328,f104,hex2dce,0,BN,,!Cx,Formats,,,Hex2dce,document,,,,,,,,,,
2228329,f105,DCE 3.01a,0,BN,,!Cx,Formats,@base(f95),,Dce_3_01a,document,,,,,,,,,,
2228330,f106,DCE 3.01a (raw),0,BN,,!Cx,Formats,@base(f105),,Dce_3_01a_raw,document,,,,,,,,,,
2228331,f107,DCE 3.01a (hex-encoded),0,BN,,!Cx,Formats,"@base(f105), @chain(f105 > f53)",,Dce_3_01a_hex,document,,,,,,,,,,
2228332,f108,DCE 3.01a (raw hex-encoded),0,BN,,!Cx,Formats,"@base(f106), @chain(f106 > f53)",,Dce_3_01a_raw_hex,document,,,,,,,,,,
2228333,f109,Dc ID list (ASCII),0,BN,,!Cx,Formats,,Is this the same thing as dcil?,DcIdList,document,,,,,,,,,,
2228334,f110,UTF-8 (Base64-encoded),0,BN,,!Cx,Formats,"@base(f0), @chain(f0 > f52)",Not really a unique format; it's a chain of UTF-8 within base64. Entered separately because it's separate in dceutils.,Utf8_Base64,encoding,,,,,,,,,,
2228335,f111,"UTF-8 (Base64-encoded, ASCII Dc ID list)",0,BN,,!Cx,Formats,,,Utf8_Dc64,document,,,,,,,,,,
2228336,f112,"UTF-8 (Base64-encoded, ASCII Dc ID list; with headers)",0,BN,,!Cx,Formats,,,Utf8_Dc64_enc,document,,,,,,,,,,
2228337,f113,"UTF-8 (Base64-encoded, DCE 3.01a+ encoding)",0,BN,,!Cx,Formats,,,Utf8_Dc64_bin,document,,,,,,,,,,
2228338,f114,"UTF-8 (Base64-encoded, DCE 3.01a+ encoding; hex-encoded)",0,BN,,!Cx,Formats,"@base(f113), @chain(f113 > f53)",,Utf8_Dc64_bin_hex,document,,,,,,,,,,
2228339,f115,"UTF-8 (Base64-encoded, DCE 3.01a+ encoding; with headers)",0,BN,,!Cx,Formats,,,Utf8_Dc64_bin_enc,document,,,,,,,,,,
2228340,f116,"UTF-8 (Base64-encoded, DCE 3.01a+ encoding; with headers; hex-encoded)",0,BN,,!Cx,Formats,"@base(f115), @chain(f115 > f53)",,Utf8_Dc64_bin_enc_hex,document,,,,,,,,,,
2228341,f117,HTML (legacy CDCE output),0,BN,,!Cx,Formats,,,HtmlLegacyCdce,document,,,,,,,,,,
2228342,f118,HTML (snippet) (legacy CDCE output),0,BN,,!Cx,Formats,,,HtmlLegacyCdceSnippet,document,,,,,,,,,,
2228343,f119,AppleScript,0,BN,,!Cx,Formats,,,AppleScript,programming,,,,,,,,,,
2228344,f120,TypeScript,0,BN,,!Cx,Formats,,,TypeScript,programming,,,,,,,,,,
2228345,f121,Perl,0,BN,,!Cx,Formats,,,Perl,programming,,,,,,,,,,
2228346,f122,Bash,0,BN,,!Cx,Formats,,,Bash,programming,,,,,,,,,,
2228347,f123,C,0,BN,,!Cx,Formats,,,C,programming,,,,,"c, csrc",,,,,
2228348,f124,C++,0,BN,,!Cx,Formats,,,Cpp,programming,,,,,,,,,,
2228349,f125,C#,0,BN,,!Cx,Formats,,,Cs,programming,,,,,,,,,,
2228350,f126,Java,0,BN,,!Cx,Formats,,,Java,programming,,,,,,,,,,
2228351,f127,Perl 5,0,BN,,!Cx,Formats,@base(f121),,Perl5,programming,,,,,,,,,,
2228352,f128,Perl 6 (quite different from earlier Perl versions),0,BN,,!Cx,Formats,,,Perl6,programming,,,,,,,,,,
2228353,f129,Raku (successor of Perl 6),0,BN,,!Cx,Formats,@base(f128),,Raku,programming,,,,,,,,,,
2228354,f130,Rust,0,BN,,!Cx,Formats,,,Rust,programming,,,,,,,,,,
2228355,f131,PHP,0,BN,,!Cx,Formats,,,Php,programming,,,,,,,,,,
2228356,f132,POSIX sh,0,BN,,!Cx,Formats,,,Sh,programming,,,,,,,,,,
2228357,f133,StageL,0,BN,,!Cx,Formats,,,StageL,programming,.stagel,,,,,,,,,
2228358,f134,StageL parse result,0,BN,,!Cx,Formats,,,StageLParseResult,programming,,,,,,,,,,
2228359,f135,ELF (Executable and Linkable Format),0,BN,,!Cx,Formats,,,Elf,executable,", .axf, .bin, .elf, .o, .out, .prx, .puff, .ko, .mod, .so, .AppImage",,,,,,,,,
2228360,f136,PE (Portable Executable),0,BN,,!Cx,Formats,,,Pe,executable,".exe, .com, .dll, .sys, .acm, .ax, .cpl, .drv, .efi, .ime, .mui, .ocx, .scr, .tsp, .msstyles",,,,,,,,,
2228361,f137,Mach-O (Mach object),0,BN,,!Cx,Formats,,,MachO,executable,", .o, .dylib, .kext",,,,,,,,,
2228362,f138,Debian package,0,BN,,!Cx,Formats,,,DebianPackage,executable,.deb,,,,,,,,,
2228363,f139,Arabic - العربية,0,BN,,!Cx,Formats,,,Lang_Ar,language,,,,,,,,,,
2228364,f140,Bengali - বাংলা,0,BN,,!Cx,Formats,,,Lang_Bn,language,,,,,,,,,,
2228365,f141,German - Deutsch,0,BN,,!Cx,Formats,,,Lang_De,language,,,,,,,,,,
2228366,f142,English (UK),0,BN,,!Cx,Formats,@base(f15),,Lang_En_Gb,language,,,,,,,,,,
2228367,f143,Spanish - Español,0,BN,,!Cx,Formats,,,Lang_Es,language,,,,,,,,,,
2228368,f144,Farsi - فارسی,0,BN,,!Cx,Formats,,,Lang_Fa,language,,,,,,,,,,
2228369,f145,Filipino,0,BN,,!Cx,Formats,,,Lang_Fil,language,,,,,,,,,,
2228370,f146,French - Français,0,BN,,!Cx,Formats,,,Lang_Fr,language,,,,,,,,,,
2228371,f147,Hindi - हिन्दी,0,BN,,!Cx,Formats,,,Lang_Hi,language,,,,,,,,,,
2228372,f148,Indonesian - Bahasa Indonesia,0,BN,,!Cx,Formats,,,Lang_Id,language,,,,,,,,,,
2228373,f149,Italian - Italiano,0,BN,,!Cx,Formats,,,Lang_It,language,,,,,,,,,,
2228374,f150,Japanese - 日本語,0,BN,,!Cx,Formats,,,Lang_Ja,language,,,,,,,,,,
2228375,f151,Korean - 한국어,0,BN,,!Cx,Formats,,,Lang_Ko,language,,,,,,,,,,
2228376,f152,Dutch - Nederlands,0,BN,,!Cx,Formats,,,Lang_Nl,language,,,,,,,,,,
2228377,f153,Polish - Polski,0,BN,,!Cx,Formats,,,Lang_Pl,language,,,,,,,,,,
2228378,f154,Portuguese - Português,0,BN,,!Cx,Formats,,,Lang_Pt,language,,,,,,,,,,
2228379,f155,Brasilian Portuguese - Português (Brasil),0,BN,,!Cx,Formats,@base(f154),,Lang_Pt_Br,language,,,,,,,,,,
2228380,f156,Russian - Русский,0,BN,,!Cx,Formats,,,Lang_Ru,language,,,,,,,,,,
2228381,f157,Turkish - Türkçe,0,BN,,!Cx,Formats,,,Lang_Tr,language,,,,,,,,,,
2228382,f158,Urdu - اردو,0,BN,,!Cx,Formats,,,Lang_Ur,language,,,,,,,,,,
2228383,f159,Vietnamese - Tiếng Việt,0,BN,,!Cx,Formats,,,Lang_Vi,language,,,,,,,,,,
2228384,f160,Chinese - 简体中文,0,BN,,!Cx,Formats,,,Lang_Zh_Cn,language,,,,,,,,,,
2228385,f161,`tar` (tape archive),0,BN,,!Cx,Formats,,,Tar,container,,,,,,,,,,
2228386,f162,ZIP archive,0,BN,,!Cx,Formats,,,Zip,container,,,,,,,,,,
2228387,f163,Collective Toolbox asset bundle,0,BN,,!Cx,Formats,,,CtbAssetBundle,container,.rsrc,,,,,,,,,
2228388,f164,PDF (Portable Document Format),0,BN,,!Cx,Formats,,,Pdf,document,.pdf,,,,,,,,,
2228389,f165,Markdown,0,BN,,!Cx,Formats,,,Markdown,document,.md,,,,,,,,,
2228390,f166,Troff,0,BN,,!Cx,Formats,,,Troff,document,.troff,,,,,,,,,
2228391,f167,"RSS 2, the common RSS format",0,BN,,!Cx,Formats,,,Rss,document,.rss,,,,,,,,,
2228392,f168,RSS 0.90,0,BN,,!Cx,Formats,,,Rss09,document,.rdf,,,,,,,,,
2228393,f169,"RSS 0.91, Netscape version",0,BN,,!Cx,Formats,,,Rss091Netscape,document,.xml,,,,,,,,,
2228394,f170,"RSS 0.91, UserLand version",0,BN,,!Cx,Formats,,,Rss091UserLand,document,.xml,,,,,,,,,
2228395,f171,RSS 0.92,0,BN,,!Cx,Formats,,,Rss092,document,.xml,,,,,,,,,
2228396,f172,RSS 1.0,0,BN,,!Cx,Formats,,,Rss1,document,.xml,,,,,,,,,
2228397,f173,Scripting News 1.0a2,0,BN,,!Cx,Formats,,,ScriptingNews10,document,.xml,,,,,,,,,
2228398,f174,Scripting News 2.0b1,0,BN,,!Cx,Formats,,,ScriptingNews20,document,.xml,,,,,,,,,
2228399,f175,Atom,0,BN,,!Cx,Formats,,,Atom,document,.atom,,,,,,,,,
2228400,f176,hAtom,0,BN,,!Cx,Formats,,,HAtom,document,.html,,,,,,,,,
2228401,f177,JSON Feed 1.1,0,BN,,!Cx,Formats,,,JsonFeed11,document,.json,,,,,,,,,
2228402,f178,`wfscan` output (a tool to make some binary data and file formats more readable),0,BN,,!Cx,Formats,,,WfscanOutput,document,,,,,,,,,,
2228403,f179,`wfparser` output (a tool to make some binary data and file formats more readable),0,BN,,!Cx,Formats,,,WfparseOutput,document,,,,,,,,,,
2228404,f180,Comma-Separated Values,0,BN,,!Cx,Formats,,,Csv,database,.csv,,,,,,,,,
2228405,f181,Tab-Separated Values,0,BN,,!Cx,Formats,,,Tsv,database,.tsv,,,,,,,,,
2228406,f182,Semicolon-Separated Values,0,BN,,!Cx,Formats,,,Ssv,database,.ssv,,,,,,,,,
2228407,f183,Multipart form data,0,BN,,!Cx,Formats,,,Multipart,database,,,,,,,,,,
2228408,f184,JSON,0,BN,,!Cx,Formats,,,Json,database,.json,,,,,,,,,
2228409,f185,JSONC,0,BN,,!Cx,Formats,@base(f184),,Jsonc,database,.json,,,,,,,,,
2228410,f186,XML,0,BN,,!Cx,Formats,,,Xml,database,.xml,,,,,,,,,
2228411,f187,WARC,0,BN,,!Cx,Formats,,,Warc,database,.warc,,,,,,,,,
2228412,f188,Panorama database,0,BN,,!Cx,Formats,,,Pan,database,".pan, ",,,,,,,,,
2228413,f189,SQLite database,0,BN,,!Cx,Formats,,,Sqlite,database,.sqlite,,,,,,,,,
2228414,f190,Internet Archive metadata JSON,0,BN,,!Cx,Formats,@base(f184),,IaMetaJson,database,.json,,,,,,,,,
2228415,f191,Internet Archive files XML,0,BN,,!Cx,Formats,@base(f186),,IaFilesXml,database,~_files\.xml$~,,,,,,,,,
2228416,f192,Internet Archive metadata XML,0,BN,,!Cx,Formats,@base(f186),,IaMetaXml,database,~_meta\.xml$~,,,,,,,,,
2228417,f193,Internet Archive metadata SQLite,0,BN,,!Cx,Formats,@base(f189),,IaMetaSqlite,database,~_meta\.sqlite$~,,,,,,,,,
2228418,f194,Clubcard data,0,BN,,!Cx,Formats,,,Clubcard,database,,,,,,,,,,
2228419,f195,CRLite filter data,0,BN,,!Cx,Formats,,,CrliteFilter,database,,,,,,,,,,
2228420,f196,CRLite filter delta,0,BN,,!Cx,Formats,,,CrliteFilterDelta,database,,,,,,,,,,
2228421,f197,NCSA Common Log Format,0,BN,,!Cx,Formats,,,CommonLogFormat,database,,,,,,,,,,
2228422,f198,W3C Extended Log Format,0,BN,,!Cx,Formats,,,ExtendedLogFormat,database,,,,,,,,,,
2228423,f199,Integer number,0,BN,,!Cx,Formats,@base(f355),,Integer,number,,,,,,,,,,
2228424,f200,"Natural number, including 0",0,BN,,!Cx,Formats,@base(f355 & f199),,Natural0,number,,,,,,,,,,
2228425,f201,Positive number,0,BN,,!Cx,Formats,@base(f355),,Positive,number,,,,,,,,,,
2228426,f202,Negative number,0,BN,,!Cx,Formats,@base(f355),,Negative,number,,,,,,,,,,
2228427,f203,8-bit unsigned integer,0,BN,,!Cx,Formats,,,U8,number,,,,,,,,,,
2228428,f204,8-bit signed integer,0,BN,,!Cx,Formats,,,I8,number,,,,,,,,,,
2228429,f205,16-bit unsigned integer,0,BN,,!Cx,Formats,,,U16,number,,,,,,,,,,
2228430,f206,16-bit signed integer,0,BN,,!Cx,Formats,,,I16,number,,,,,,,,,,
2228431,f207,32-bit unsigned integer,0,BN,,!Cx,Formats,,,U32,number,,,,,,,,,,
2228432,f208,32-bit signed integer,0,BN,,!Cx,Formats,,,I32,number,,,,,,,,,,
2228433,f209,64-bit unsigned integer,0,BN,,!Cx,Formats,,,U64,number,,,,,,,,,,
2228434,f210,64-bit signed integer,0,BN,,!Cx,Formats,,,I64,number,,,,,,,,,,
2228435,f211,128-bit unsigned integer,0,BN,,!Cx,Formats,,,U128,number,,,,,,,,,,
2228436,f212,128-bit signed integer,0,BN,,!Cx,Formats,,,I128,number,,,,,,,,,,
2228437,f213,Floating-point number,0,BN,,!Cx,Formats,,,Float,number,,,,,,,,,,
2228438,f214,Fixed-point number,0,BN,,!Cx,Formats,,,Fixed,number,,,,,,,,,,
2228439,f215,Pack32 (encoded 32-bit value),0,BN,,!Cx,Formats,,,Pack32,number,,,,,,,,,,
2228440,f216,!Gregorian calendar,0,BN,,!Cx,Formats,<equiv>9,,!Gregorian,calendar,,,,,,,,,,
2228441,f217,Julian calendar,0,BN,,!Cx,Formats,,,Julian,calendar,,,,,,,,,,
2228442,f218,A string representing a date,0,BN,,!Cx,Formats,,,DateString,semantic,,,,,,,,,,
2228443,f219,A string representing a time,0,BN,,!Cx,Formats,,,TimeString,semantic,,,,,,,,,,
2228444,f220,A string representing a date and time,0,BN,,!Cx,Formats,,,DateTimeString,semantic,,,,,,,,,,
2228445,f221,Panorama date,0,BN,,!Cx,Formats,,,PanDate,date,,,,,,,,,,
2228446,f222,Panorama time,0,BN,,!Cx,Formats,,,PanTime,date,,,,,,,,,,
2228447,f223,Panorama SuperDate,0,BN,,!Cx,Formats,,,PanSuperDate,date,,,,,,,,,,
2228448,f224,Math expression (not an equation/relation),0,BN,,!Cx,Formats,,,MathExpression,math,,,,,,,,,,
2228449,f225,"PEM printable encoding (Privacy-Enhanced Mail, RFC 7468)",0,BN,,!Cx,Formats,,See more specific formats below,Pem,database,".pem, .crt",application/x-pem-file,,,,,,,,
2228450,f226,IP address,0,BN,,!Cx,Formats,,,IpAddr,identifier,,,,,,,,,,
2228451,f227,URI (Uniform Resource Identifier),0,BN,,!Cx,Formats,,,Uri,identifier,,,,,,,,,,
2228452,f228,File name,0,BN,,!Cx,Formats,:([string] | [data]),,FileName,identifier,,,,,,,,,,
2228453,f229,File path,0,BN,,!Cx,Formats,:[list:([filename] | 513)],,FilePath,identifier,,,,,,,,,,
2228454,f230,Windows shortcut,0,BN,,!Cx,Formats,,,Lnk,identifier,".lnk, .url, .cda",application/x-ms-shortcut,,,,,,,,
2228455,f231,Mac alias,0,BN,,!Cx,Formats,,,MacAlias,identifier,,,com.apple.alias-file,alis,,,,,,
2228456,f232,Mac bookmark,0,BN,,!Cx,Formats,,,MacBookmark,identifier,,,,,,,,,,
2228457,f233,Torrent,0,BN,,!Cx,Formats,,,Torrent,identifier,.torrent,application/x-bittorrent,,,,,,,,
2228458,f234,Torrent info hash,0,BN,,!Cx,Formats,,,Btih,identifier,,,,,,,,,,
2228459,f235,Magnet URI,0,BN,,!Cx,Formats,@base(f227),,Magnet,identifier,,,,,,,,,,
2228460,f236,Internet Archive item identifier,0,BN,,!Cx,Formats,,,IaIdentifier,identifier,,,,,,,,,,
2228461,f237,Internet Archive item torrent,0,BN,,!Cx,Formats,@base(f233),,IaArchiveTorrent,identifier,~_archive\.torrent$~,application/x-bittorrent,,,,,,,,
2228462,f238,xxHash32,0,BN,,!Cx,Formats,,,XxHash32,hash,,,,,,,,,,
2228463,f239,xxHash64,0,BN,,!Cx,Formats,,,XxHash64,hash,,,,,,,,,,
2228464,f240,xxHash3-64,0,BN,,!Cx,Formats,,,XxHash3_64,hash,,,,,,,,,,
2228465,f241,xxHash3-128,0,BN,,!Cx,Formats,,,XxHash3_128,hash,,,,,,,,,,
2228466,f242,MD5,0,BN,,!Cx,Formats,,,Md5,hash,,,,,,,,,,
2228467,f243,MD6,0,BN,,!Cx,Formats,,,Md6,hash,,,,,,,,,,
2228468,f244,SHA-1,0,BN,,!Cx,Formats,,,Sha1,hash,,,,,,,,,,
2228469,f245,SHA-256,0,BN,,!Cx,Formats,,,Sha256,hash,,,,,,,,,,
2228470,f246,SHA-512,0,BN,,!Cx,Formats,,,Sha512,hash,,,,,,,,,,
2228471,f247,SHA-3,0,BN,,!Cx,Formats,,,Sha3,hash,,,,,,,,,,
2228472,f248,Tiger checksum,0,BN,,!Cx,Formats,,,Tiger,hash,,,,,,,,,,
2228473,f249,Whirlpool checksum,0,BN,,!Cx,Formats,,,Whirlpool,hash,,,,,,,,,,
2228474,f250,Adler32,0,BN,,!Cx,Formats,,,Adler32,hash,,,,,,,,,,
2228475,f251,Fletcher4,0,BN,,!Cx,Formats,,,Fletcher4,hash,,,,,,,,,,
2228476,f252,Fletcher8,0,BN,,!Cx,Formats,,,Fletcher8,hash,,,,,,,,,,
2228477,f253,Fletcher16,0,BN,,!Cx,Formats,,,Fletcher16,hash,,,,,,,,,,
2228478,f254,Fletcher32,0,BN,,!Cx,Formats,,,Fletcher32,hash,,,,,,,,,,
2228479,f255,CRC-321,0,BN,,!Cx,Formats,,,Crc32,hash,,,,,,,,,,
2228480,f256,`cksum`,0,BN,,!Cx,Formats,,,Cksum,hash,,,,,,,,,,
2228481,f257,BSD checksum,0,BN,,!Cx,Formats,,,BsdChecksum,hash,,,,,,,,,,
2228482,f258,SYSV checksum,0,BN,,!Cx,Formats,,,SysvChecksum,hash,,,,,,,,,,
2228483,f259,HMAC,0,BN,,!Cx,Formats,,,Hmac,hash,,,,,,,,,,
2228484,f260,BLAKE,0,BN,,!Cx,Formats,,,Blake,hash,,,,,,,,,,
2228485,f261,BLAKE2,0,BN,,!Cx,Formats,,,Blake2,hash,,,,,,,,,,
2228486,f262,BLAKE3,0,BN,,!Cx,Formats,,,Blake3,hash,,,,,,,,,,
2228487,f263,User-Agent string,0,BN,,!Cx,Formats,,,UserAgent,identifier,,,,,,,,,,
2228488,f264,File extension,0,BN,,!Cx,Formats,,,FileExtension,identifier,,,,,,,,,,
2228489,f265,URI protocol,0,BN,,!Cx,Formats,,,UriProtocol,identifier,,,,,,,,,,
2228490,f266,Character-mode videoterminal supporting mouse input,0,BN,,!Cx,Formats,,,TerminalMouse,device_caps,,,,,,,,,,
2228491,f267,Character-mode videoterminal supporting graphics,0,BN,,!Cx,Formats,,,TerminalGraphics,device_caps,,,,,,,,,,
2228492,f268,Character-mode videoterminal supporting sixel graphics,0,BN,,!Cx,Formats,,,TerminalSixelGraphics,device_caps,,,,,,,,,,
2228493,f269,Character-mode videoterminal supporting iTerm2 graphics,0,BN,,!Cx,Formats,,,TerminalIterm2Graphics,device_caps,,,,,,,,,,
2228494,f270,Character-mode videoterminal supporting Kitty graphics,0,BN,,!Cx,Formats,,,TerminalKittyGraphics,device_caps,,,,,,,,,,
2228495,f271,Raster display,0,BN,,!Cx,Formats,,,RasterDisplay,device_caps,,,,,,,,,,
2228496,f272,Vector display,0,BN,,!Cx,Formats,,,VectorDisplay,device_caps,,,,,,,,,,
2228497,f273,Render full document immediately without interactive features,0,BN,,!Cx,Formats,,,RenderModeImmediate,device_caps,,,,,,,,,,
2228498,f274,Render with interactive features enabled,0,BN,,!Cx,Formats,,,RenderModeInteractive,device_caps,,,,,,,,,,
2228499,f275,Unknown data,0,BN,,!Cx,Formats,,,Unknown,armor,", .bin",application/octet-stream,,,,,,,,
2228500,f276,ConScript Unicode Registry,0,BN,,!Cx,Formats,,,Csur,v:unicodePua,,,,,,,,,,
2228501,f277,Under-ConScript Unicode Registry,0,BN,,!Cx,Formats,@base(f276),,Ucsur,v:unicodePua,,,,,,,,,,
2228502,f278,Multipurpose Internet Mail Extensions,0,BN,,!Cx,Formats,,,Mime,document,".eml, .mim, .mime","message/rfc822, multipart/mixed",,,,,,,,
2228503,f279,Quoted-Printable,0,BN,,!Cx,Formats,,,QuotedPrintable,armor,,,,,,,,,,
2228504,f280,Uuencode,0,BN,,!Cx,Formats,,,Uuencode,armor,".uue, .uu",,,,,,,,,
2228505,f281,yEnc,0,BN,,!Cx,Formats,,,YEnc,armor,".ync, .yenc",,,,,,,,,
2228506,f282,The common BinHex 4 format,0,BN,,!Cx,Formats,,,BinHex,armor,.hqx,"application/mac-binhex40, application/mac-binhex, application/binhex",,,,,,,,
2228507,f283,BinHex for TRS-80,0,BN,,!Cx,Formats,,,BinHexTrs80,armor,.hex,,,,,,,,,
2228508,f284,BinHex 1 for Macintosh,0,BN,,!Cx,Formats,,,BinHex1,armor,,,,,,,,,,
2228509,f285,BinHex 2,0,BN,,!Cx,Formats,,,BinHex2,armor,.hcx,,,,,,,,,
2228510,f286,BinHex 5,0,BN,,!Cx,Formats,,,BinHex5,armor,,,,,,,,,,
2228511,f287,MacBinary,0,BN,,!Cx,Formats,,,MacBinary,armor,".bin, .macbin","application/macbinary, application/x-macbinary",,,,,,,,
2228512,f288,Shell archive,0,BN,,!Cx,Formats,,,Shar,container,.shar,,,,,,,,,
2228513,f289,CPIO archive,0,BN,,!Cx,Formats,,,Cpio,container,.cpio,,,,,,,,,
2228514,f290,PAX archive,0,BN,,!Cx,Formats,,,Pax,container,.pax,,,,,,,,,
2228515,f291,"TAR, Gzip",0,BN,,!Cx,Formats,"@base(f161), @chain(f161 > f35)",,TarGz,container,".tar.gz, .tgz",,,,,,,,,
2228516,f292,"TAR, `compress` (LZW)",0,BN,,!Cx,Formats,"@base(f161), @chain(f161 > f44)",,TarZ,container,".tar.Z, .taz",,,,,,,,,
2228517,f293,"TAR, Bzip2",0,BN,,!Cx,Formats,"@base(f161), @chain(f161 > f38)",,TarBz2,container,".tar.bz2, .tbz2",,,,,,,,,
2228518,f294,Microsoft Outlook Email,0,BN,,!Cx,Formats,,,OutlookMsg,document,.msg,application/vnd.ms-outlook,,,,,,,,
2228519,f295,Percent encoding (URL encoding),0,BN,,!Cx,Formats,,,PercentEncoding,armor,,,,,,,,,,
2228520,f296,Numeric Character Reference (decimal),0,BN,,!Cx,Formats,,,NumericCharacterReferenceDec,armor,,,,,,,,,,
2228521,f297,Numeric Character Reference (hexadecimal),0,BN,,!Cx,Formats,,,NumericCharacterReferenceHex,armor,,,,,,,,,,
2228522,f298,"Base64 with separators, line length 76",0,BN,,!Cx,Formats,,,MimeBase64,armor,,,,,,,,,,
2228523,f299,xxencoding,0,BN,,!Cx,Formats,,,Xxencode,armor,".xxe, .xx",,,,,,,,,
2228524,f300,rzip,0,BN,,!Cx,Formats,,,Rzip,compression,,,,,,,,,,
2228525,f301,lrzip (Long Range Zip),0,BN,,!Cx,Formats,,,Lrzip,compression,,,,,,,,,,
2228526,f302,Bzip3,0,BN,,!Cx,Formats,,,Bzip3,compression,,,,,,,,,,
2228527,f303,LZ4,0,BN,,!Cx,Formats,,,Lz4,compression,.lz4,,,,lz4,,,,,
2228528,f304,LZO (Lempel-Ziv-Oberhumer),0,BN,,!Cx,Formats,,,Lzo,compression,.lzo,,,,lzo,,,,,
2228529,f305,ZPAQ,0,BN,,!Cx,Formats,,,Zpaq,container,,,,,,,,,,
2228530,f306,orz (optimized reduced offset Lempel-Ziv),0,BN,,!Cx,Formats,,,Orz,compression,,,,,,,,,,
2228531,f307,LZFSE (Lempel–Ziv Finite State Entropy),0,BN,,!Cx,Formats,,,Lzfse,compression,,,,,,,,,,
2228532,f308,Family of formats of binary data represented as hexadecimal,0,BN,,!Cx,Formats,@base(f53),,Hexdump,armor,,,,,,,,,,
2228533,f309,PKCS#8 Private Key (RFC 5958 sec. 7.1) (Public Key Cryptography Standard 8),0,BN,,!Cx,Formats,,,Pkcs8PrivateKey,database,".p8, .key",application/pkcs8,,,,,,,,https://raw.githubusercontent.com/mrwiora/pki-tutorial/cd50703b733f3864a720602928fd0e0671ab3ddb/docs/mime.rst
2228534,f310,PKCS#10 Certificate Signing Request (RFC 5967 sec. 3.1) (Public Key Cryptography Standard 10),0,BN,,!Cx,Formats,,,Pkcs10Csr,database,".p10, .csr",application/pkcs10,,,,,,,,https://raw.githubusercontent.com/mrwiora/pki-tutorial/cd50703b733f3864a720602928fd0e0671ab3ddb/docs/mime.rst
2228535,f311,X.509 Certificate (RFC 2585 sec. 4.1; RFC 5280 sec. 4),0,BN,,!Cx,Formats,,,PkixCert,database,".cer, .crt","application/pkix-cert, application/x-x509-ca-cert, application/x-x509-user-cert, application/x-x509-email-cert",,,,,,,,https://raw.githubusercontent.com/mrwiora/pki-tutorial/cd50703b733f3864a720602928fd0e0671ab3ddb/docs/mime.rst https://nss-crypto.org/reference/_sources/security/nss/legacy/certificate_download_specification/index.rst.txt
2228536,f312,X.509 CRL (RFC 2585 sec. 4.2; RFC 5280 sec. 5),0,BN,,!Cx,Formats,,,PkixCrl,database,.crl,"application/pkix-crl, application/x-pkcs7-crl",,,,,,,,https://raw.githubusercontent.com/mrwiora/pki-tutorial/cd50703b733f3864a720602928fd0e0671ab3ddb/docs/mime.rst
2228537,f313,PKCS#7 Certificate Bundle (RFC 5273 p. 3; RFC 2315 sec. 9.1) (Public Key Cryptography Standard 7),0,BN,,!Cx,Formats,,,Pkcs7Mime,database,".p7c, .p7b, .spc, .p7r","application/pkcs7-mime, application/x-pkcs7-certificates, application/x-pkcs7-certreqresp",,,,,,,,https://raw.githubusercontent.com/mrwiora/pki-tutorial/cd50703b733f3864a720602928fd0e0671ab3ddb/docs/mime.rst
2228538,f314,PKCS#12 Key and Certificate Bundle (Public Key Cryptography Standard 12),0,BN,,!Cx,Formats,,,Pkcs12,database,".p12, .pfx",application/x-pkcs12,com.rsa.pkcs-12,,,,,,,https://raw.githubusercontent.com/mrwiora/pki-tutorial/cd50703b733f3864a720602928fd0e0671ab3ddb/docs/mime.rst
2228539,f315,AppleSingle,0,BN,,!Cx,Formats,,,AppleSingle,document,.as,application/applefile,,,,,,,,https://raw.githubusercontent.com/fadden/CiderPress2/7a055a200e31f752f3a92bb9fe6ae6f67cd55534/DiskArc/Arc/AppleSingle-notes.md
2228540,f316,AppleDouble (RFC 1740),0,BN,,!Cx,Formats,,,AppleDouble,document,"~^\._~, ~/\.AppleDouble/~, ~/__MACOSX/~, .ADF, ~^%~, ~^R\.~, .rsrc",multipart/appledouble,,,,,,,,https://raw.githubusercontent.com/fadden/CiderPress2/7a055a200e31f752f3a92bb9fe6ae6f67cd55534/DiskArc/Arc/AppleSingle-notes.md
2228541,f317,Collective Toolbox serialized node package,0,BN,,!Cx,Formats,,,CtbNode,document,.ctbn,,,,,,,,,
2228542,f318,"Collective Toolbox serialized node package, version 1",0,BN,,!Cx,Formats,@base(f317),,CtbNodeV1,document,.ctbn,,,,,,,,,
2228543,f319,"Collective Toolbox serialized node package, version 2",0,BN,,!Cx,Formats,@base(f317),,CtbNodeV2,document,.ctbn,,,,,,,,,
2228544,f320,LZMA (Lempel–Ziv–Markov chain algorithm),0,BN,,!Cx,Formats,,,Lzma,compression,.lzma,,,,lzma,,,,,
2228545,f321,LZMA container format,0,BN,,!Cx,Formats,@base(f320),,Lzma2,compression,".lzma, .lzma2",,,,lzma2,,,,,
2228546,f322,"TAR, LZO",0,BN,,!Cx,Formats,"@base(f161), @chain(f161 > f304)",,TarLzo,container,".tar.lzo, .tzo",,,,,,,,,
2228547,f323,Convert MacRoman characters to Windows-1252 characters in the way Altura Mac2Win does (replacing some characters with visually different ones),0,BN,,!Cx,Formats,,,AlturaMacToWin,transformation,,,,,,,,,,
2228548,f324,Convert Windows-1252 characters to MacRoman characters in the reverse of the way Altura Mac2Win does (replacing some characters with visually different ones),0,BN,,!Cx,Formats,,,AlturaWinToMac,transformation,,,,,,,,,,
2228549,f325,"Windows-1252 (""ANSI"")",0,BN,,!Cx,Formats,@base(f542),,Win1252,encoding,,,,,ansi,,,,,
2228550,f326,AlphaSmart Neo encoding (has several variants),0,BN,,!Cx,Formats,,,AlphaSmartNeo,encoding,,,,,,,,,,
2228551,f327,"AlphaSmart Neo, graphical low bytes, USA",0,BN,,!Cx,Formats,@base(f326),,AlphaSmartNeoLowGrUs,encoding,,,,,,,,,,
2228552,f328,"AlphaSmart Neo, graphical low bytes, Ukraine (Mac)",0,BN,,!Cx,Formats,@base(f326),,AlphaSmartNeoLowGrUaMac,encoding,,,,,,,,,,
2228553,f329,"AlphaSmart Neo, graphical low bytes, Ukraine (PC)",0,BN,,!Cx,Formats,@base(f326),,AlphaSmartNeoLowGrUaPc,encoding,,,,,,,,,,
2228554,f330,"AlphaSmart Neo, control low bytes, USA",0,BN,,!Cx,Formats,@base(f326),,AlphaSmartNeoLowCtlUs,encoding,,,,,,,,,,
2228555,f331,"AlphaSmart Neo, control low bytes, Ukraine (Mac)",0,BN,,!Cx,Formats,@base(f326),,AlphaSmartNeoLowCtlUaMac,encoding,,,,,,,,,,
2228556,f332,"AlphaSmart Neo, control low bytes, Ukraine (PC)",0,BN,,!Cx,Formats,@base(f326),,AlphaSmartNeoLowCtlUaPc,encoding,,,,,,,,,,
2228557,f333,AlphaSmart AlphaWord file format,0,BN,,!Cx,Formats,,,AlphaWord,document,,,,,,,,,,
2228558,f334,"Collective Toolbox resource bundle, version 1",0,BN,,!Cx,Formats,@base(f163),,CtbAssetBundleV1,container,.rsrc,,,,,,,,,
2228559,f335,"Collective Toolbox resource bundle, version 2",0,BN,,!Cx,Formats,@base(f163),,CtbAssetBundleV2,container,.rsrc,,,,,,,,,
2228560,f336,"Collective Toolbox resource bundle, version 3",0,BN,,!Cx,Formats,@base(f163),,CtbAssetBundleV3,container,.rsrc,,,,,,,,,
2228561,f337,"Collective Toolbox resource bundle, version 4",0,BN,,!Cx,Formats,@base(f163),,CtbAssetBundleV4,container,.rsrc,,,,,,,,,
2228562,f338,jq programming language,0,BN,,!Cx,Formats,,,Jq,programming,,,,,,,,,,
2228563,f339,jq programming language as implemented by jaq,0,BN,,!Cx,Formats,@base(f338),,JqJaq,programming,,,,,,,,,,
2228564,f340,Dc ASCII List (long Dcs),0,BN,,!Cx,Formats,,"ASCII text containing list of integers representing long Dcs. Strictly, one space after every int, and no newlines. Loosely, with newlines or multiple spaces, or no end space.",Dcal,document,.dcal,,,,,2,3,1,,
2228565,f341,xxd-style hexdump (as output by default xxd settings),0,BN,,!Cx,Formats,@base(f53),,HexdumpXxd,armor,,,,,,,,,,
2228566,f342,StageL 2,0,BN,,!Cx,Formats,@base(f133),,StageL2,programming,.sl,,,,,,,,,
2228567,f343,Normalized StageL 2,0,BN,,!Cx,Formats,@base(f342),,StageL2Intermediate,programming,.sli,,,,,,,,,
2228568,f344,Comma-separated Dc list (long Dcs),0,BN,,!Cx,Formats,,"ASCII text containing list of integers representing long Dcs, separated by commas, with no newlines. Loosely, with optional newlines, or spaces after commas. A parser could reasonably delegate to handling it as DcAsciiList if there are Dcs separated only by spaces, though a file mixing commas and spaces without commas should be rejected.",Csdl,document,.csdl,,,,,,,,,
2228569,f345,Rational number,0,BN,,!Cx,Formats,@base(f355),,Rational,number_abstract,,,,,,,,,,
2228570,f346,Real number,0,BN,,!Cx,Formats,@base(f355),,Real,number_abstract,,,,,,,,,,
2228571,f347,Complex number,0,BN,,!Cx,Formats,@base(f355),,Complex,number_abstract,,,,,,,,,,
2228572,f348,IEEE 754 floating-point number formats,0,BN,,!Cx,Formats,@base(f213),,FloatIeee754,number,,,,,,,,,,
2228573,f349,Format for representing numbers,0,BN,,!Cx,Formats,,,NumeralSystem,number,,,,,,,,,,
2228574,f350,Representation of a number in a given base,0,BN,,!Cx,Formats,:~ [format:f354] [format:base_alphabet],,BaseNNumeral,number,,,,,,,,,,
2228575,f351,"Natural number, not including zero",0,BN,,!Cx,Formats,@base(f355 & f199),,Natural1,number_abstract,,,,,,,,,,
2228576,f352,Dc identifier (long),0,BN,,!Cx,Formats,:[number:Natural1 & <(2^128)],,DcIdentifier,identifier,,,,,,,,,,
2228577,f353,Dc identifier (short),0,BN,,!Cx,Formats,"@base(f352), :[number:Natural1 & <(2^128)]",,DcShortIdentifier,identifier,,,,,,,,,,
2228578,f354,A radix in a number system,0,BN,,!Cx,Formats,:~ [number:f351],,Base,number,,,,,,,,,,
2228579,f355,"Any number, but not in a specific representation",0,BN,,!Cx,Formats,,,AbstractNumber,number_abstract,,,,,,,,,,
2228580,f356,"Representation of a number in a given base, agnostic to alphabet",0,BN,,!Cx,Formats,:~ [format:f354],,BaseNNumber,number_abstract,,,,,,,,,,
2228581,f357,"A number represented using Dcs, a sequence of Dcs between Dcs 6 and 7",0,BN,,!Cx,Formats,,,DcNumber,number,,,,,,,,,,
2228582,f358,A DcNumber representing an integer expressed in base 64,0,BN,,!Cx,Formats,@base(f357),"A DcNumber representing an integer expressed in base 64 using the encapsulation Dcs, not byte-oriented, with optional sign flag (Dc 10 or 11) at start",DcNumberB64Int,number,,,,,,,,,,
2228583,f359,A set of characters used in a positional number system,0,BN,,!Cx,Formats,,,BaseAlphabet,base_alphabet,,,,,,,,,,
2228584,f360,Standard Base 64 alphabet from RFC 4648. Case-sensitive.,0,BN,,!Cx,Formats,,,AlphabetBase64Rfc4648,base_alphabet,,,,,,,,,,
2228585,f361,Base alphabet with 36 characters; standard Arabic digits + Latin letters: 0-9 (A-Z|a-z),0,BN,,!Cx,Formats,,,AlphabetBase36,base_alphabet,,,,,,,,,,
2228586,f362,"Base alphabet with 36 characters, uppercase: 0-9 A-Z",0,BN,,!Cx,Formats,@base(f361),,AlphabetBase36Uppercase,base_alphabet,,,,,,,,,,
2228587,f363,"Base alphabet with 36 characters, lowercase: 0-9 a-z",0,BN,,!Cx,Formats,@base(f361),,AlphabetBase36Lowercase,base_alphabet,,,,,,,,,,
2228588,f364,Arithmetic expression,0,BN,,!Cx,Formats,@base(f224),"e.g. ""(23 mod 2) + 6"", ""sin(pi/4)""",ArithmeticExpression,math,,,,,,,,,,
2228589,f365,Math expression with variables,0,BN,,!Cx,Formats,@base(f224),"e.g. ""1 + 2x"", ""x^2 - 4x + 4""",SymbolicExpression,math,,,,,,,,,,
2228590,f366,Math relation,0,BN,,!Cx,Formats,,,MathRelation,math,,,,,,,,,,
2228591,f367,Predicate asserting equality,0,BN,,!Cx,Formats,@base(f366),"e.g. ""2x = 6"", ""E = mc^2"", ""1 lb = 16 oz""",Equation,math,,,,,,,,,,
2228592,f368,Predicate asserting ordering,0,BN,,!Cx,Formats,@base(f366),"e.g. ""x^2 + y^2 <= 1"", ""1 ≠ 2""",Inequality,math,,,,,,,,,,
2228593,f369,Predicate asserting approximate equality,0,BN,,!Cx,Formats,@base(f366),"e.g. ""1 oz ~= 28 g""",Approximation,math,,,,,,,,,,
2228594,f370,"A system of equations, inequalities, and/or approximations",0,BN,,!Cx,Formats,,"e.g. ""1 lb = 16 oz; 1 oz ~= 28 g; solve for x""",EquationSystem,math,,,,,,,,,,
2228595,f371,A number with radix 1,0,BN,,!Cx,Formats,":~ [format:base_alphabet], <equiv>f350 f354 [number:'1']",,UnaryNumeral,number,,,,,,,,,,
2228596,f372,A number with radix 2,0,BN,,!Cx,Formats,":~ [format:base_alphabet], <equiv>f350 f354 [number:'2']",,BinaryNumeral,number,,,,,,,,,,
2228597,f373,A number with radix 8,0,BN,,!Cx,Formats,":~ [format:base_alphabet], <equiv>f350 f354 [number:'8']",,OctalNumeral,number,,,,,,,,,,
2228598,f374,A number with radix 10,0,BN,,!Cx,Formats,":~ [format:base_alphabet], <equiv>f350 f354 [number:'10']",,DecimalNumeral,number,,,,,,,,,,
2228599,f375,A number with radix 16,0,BN,,!Cx,Formats,":~ [format:base_alphabet], <equiv>f350 f354 [number:'16']",,HexadecimalNumeral,number,,,,,,,,,,
2228600,f376,Arabic-Indic numerals (٠-٩),0,BN,,!Cx,Formats,,,AlphabetArabicIndicNumeral,base_alphabet,,,,,,,,,,
2228601,f377,Devanagari numerals (०-९),0,BN,,!Cx,Formats,,,AlphabetDevanagariNumeral,base_alphabet,,,,,,,,,,
2228602,f378,Roman numeral system,0,BN,,!Cx,Formats,,,RomanNumeral,numeral_system,,,,,,,,,,
2228603,f379,Additive tally marks,0,BN,,!Cx,Formats,,,TallyNumeral,numeral_system,,,,,,,,,,
2228604,f380,Chinese numeral systems,0,BN,,!Cx,Formats,,,ChineseNumeral,numeral_system,,,,,,,,,,
2228605,f381,Chinese numerals. Varies depending on simplified versus traditional characters,0,BN,,!Cx,Formats,@base(f380),,ChineseNumeralSmall,numeral_system,,,,,,,,,,
2228606,f382,Chinese numerals for finance. Varies depending on simplified versus traditional characters,0,BN,,!Cx,Formats,@base(f380),,ChineseNumeralBig,numeral_system,,,,,,,,,,
2228607,f383,Suzhou numeral system,0,BN,,!Cx,Formats,,,SuzhouNumeral,numeral_system,,,,,,,,,,
2228608,f384,"x86 family, 32-bit",0,BN,,!Cx,Formats,,,x86,arch,,,,,,,,,,
2228609,f385,64-bit extension of x86,0,BN,,!Cx,Formats,@base(f384),,amd64,arch,,,,,,,,,,
2228610,f386,ARM/Acorn,0,BN,,!Cx,Formats,,,arm,arch,,,,,,,,,,
2228611,f387,64-bit extension of ARM,0,BN,,!Cx,Formats,,,arm64,arch,,,,,,,,,,
2228612,f388,Pentium (i586),0,BN,,!Cx,Formats,@base(f384),,i586,arch,,,,,,,,,,
2228613,f389,Streaming SIMD Extensions 2 support,0,BN,,!Cx,Formats,@base(f388),,sse2,arch,,,,,,,,,,
2228614,f390,Linux kernel family,0,BN,,!Cx,Formats,,,Linux,kernel,,,,,,,,,,
2228615,f391,BSD kernel family,0,BN,,!Cx,Formats,,,BsdKernel,kernel,,,,,,,,,,
2228616,f392,Mach kernel family,0,BN,,!Cx,Formats,@base(f391),,Mach,kernel,,,,,,,,,,
2228617,f393,Hurd kernel,0,BN,,!Cx,Formats,@base(f413),,Hurd,kernel,,,,,,,,,,
2228618,f394,XNU (X is Not Unix),0,BN,,!Cx,Formats,@base(f392),,Xnu,kernel,,,,,,,,,,
2228619,f395,GNU userland,0,BN,,!Cx,Formats,,,Gnu,userland,,,,,,,,,,
2228620,f396,Darwin userland,0,BN,,!Cx,Formats,,,Darwin,userland,,,,,,,,,,
2228621,f397,BSD userland family,0,BN,,!Cx,Formats,,,BsdUserland,userland,,,,,,,,,,
2228622,f398,GNU/Linux Linux kernel with GNU userland,0,BN,,!Cx,Formats,@base(f390 & f395),,GnuLinux,os,,,,,,,,,,
2228623,f399,Android,0,BN,,!Cx,Formats,@base(f390),,Android,os,,,,,,,,,,
2228624,f400,Microsoft DOS kernel,0,BN,,!Cx,Formats,,,MsDosKernel,kernel,,,,,,,,,,
2228625,f401,Windows NT kernel,0,BN,,!Cx,Formats,,,WinNtKernel,kernel,,,,,,,,,,
2228626,f402,Windows OS family,0,BN,,!Cx,Formats,@base(f402 & (f400 | f401)),,Windows,os,,,,,,,,,,
2228627,f403,MS-DOS-based Windows,0,BN,,!Cx,Formats,@base(f402 & f400),,WinClassic,os,,,,,,,,,,
2228628,f404,Windows NT family,0,BN,,!Cx,Formats,@base(f402 & f401),,WinNt,os,,,,,,,,,,
2228629,f405,Mac OS family,0,BN,,!Cx,Formats,,,MacOs,os,,,,,,,,,,
2228630,f406,Mac OS 10+ family,0,BN,,!Cx,Formats,@base(f405 & f394 & f396),,MacOsDarwin,os,,,,,,,,,,
2228631,f407,FreeBSD,0,BN,,!Cx,Formats,@base(f391 & f397),,FreeBsd,os,,,,,,,,,,
2228632,f408,OpenBSD,0,BN,,!Cx,Formats,@base(f391 & f397),,OpenBsd,os,,,,,,,,,,
2228633,f409,NetBSD,0,BN,,!Cx,Formats,@base(f391 & f397),,NetBsd,os,,,,,,,,,,
2228634,f410,Collective Toolbox csc journal,0,BN,,!Cx,Formats,,,CscJournal,database,.cscjournal,,,,,,,,,
2228635,f411,Collective Toolbox csc description,0,BN,,!Cx,Formats,,,CscDesc,database,.cscdesc,,,,,,,,,
2228636,f412,DragonFly BSD,0,BN,,!Cx,Formats,@base(f407 & f391 & f397),,DragonFlyBsd,os,,,,,,,,,,
2228637,f413,GNU Mach,0,BN,,!Cx,Formats,@base(f392),,GnuMach,kernel,,,,,,,,,,
2228638,f414,Collective Toolbox csc index,0,BN,,!Cx,Formats,,,CscIndex,database,.cscindex.sqlite,,,,,,,,,
2228639,f415,Collective Toolbox csc index metadata,0,BN,,!Cx,Formats,,,CscIndexMeta,database,.cscidxmeta,,,,,,,,,
2228640,f416,redb database,0,BN,,!Cx,Formats,,,Redb,database,.redb,,,,,,,,,
2228641,f417,MINIX Filesystem,0,BN,,!Cx,Formats,,,MinixFs,filesystem,,,,,,,,,,
2228642,f418,ext filesystem,0,BN,,!Cx,Formats,,,Ext,filesystem,,,,,,,,,,
2228643,f419,ext2 filesystem,0,BN,,!Cx,Formats,@base(f418),,Ext2,filesystem,,,,,,,,,,
2228644,f420,ext3 filesystem,0,BN,,!Cx,Formats,@base(f419),,Ext3,filesystem,,,,,,,,,,
2228645,f421,ext4 filesystem,0,BN,,!Cx,Formats,@base(f420),,Ext4,filesystem,,,,,,,,,,
2228646,f422,Xiafs,0,BN,,!Cx,Formats,,,Xiafs,filesystem,,,,,,,,,,
2228647,f423,XFS filesystem,0,BN,,!Cx,Formats,,,Xfs,filesystem,,,,,,,,,,
2228648,f424,Btrfs,0,BN,,!Cx,Formats,,,Btrfs,filesystem,,,,,,,,,,
2228649,f425,F2FS (Flash-Friendly File System),0,BN,,!Cx,Formats,,,F2fs,filesystem,,,,,,,,,,
2228650,f426,ZFS (FKA Zettabyte File System),0,BN,,!Cx,Formats,,,Zfs,filesystem,,,,,,,,,,
2228651,f427,Temporary filesystem,0,BN,,!Cx,Formats,,,Tmpfs,virtualfilesystem,,,,,,,,,,
2228652,f428,RAM disk filesystem,0,BN,,!Cx,Formats,,,Ramfs,virtualfilesystem,,,,,,,,,,
2228653,f429,Overlay filesystem,0,BN,,!Cx,Formats,,,Overlayfs,virtualfilesystem,,,,,,,,,,
2228654,f430,FAT (File Allocation Table),0,BN,,!Cx,Formats,,,Fat8bit,filesystem,,,,,,,,,,
2228655,f431,FAT12,0,BN,,!Cx,Formats,@base(f430),,Fat12,filesystem,,,,,,,,,,
2228656,f432,FAT16,0,BN,,!Cx,Formats,@base(f430),,Fat16,filesystem,,,,,,,,,,
2228657,f433,FAT16B,0,BN,,!Cx,Formats,@base(f432),,Fat16b,filesystem,,,,,,,,,,
2228658,f434,FAT32,0,BN,,!Cx,Formats,@base(f434),,Fat32,filesystem,,,,,,,,,,
2228659,f435,ExFAT,0,BN,,!Cx,Formats,@base(f434),,Exfat,filesystem,,,,,,,,,,
2228660,f436,FATX,0,BN,,!Cx,Formats,,,Fatx,filesystem,,,,,,,,,,
2228661,f437,FATX16,0,BN,,!Cx,Formats,@base(f432 & f436),,Fatx16,filesystem,,,,,,,,,,
2228662,f438,FATX32,0,BN,,!Cx,Formats,@base(f434 & f436),,Fatx32,filesystem,,,,,,,,,,
2228663,f439,FAT+,0,BN,,!Cx,Formats,,,FatPlus,filesystem,,,,,,,,,,
2228664,f440,FAT16+,0,BN,,!Cx,Formats,@base(f432 & f439),,Fat16Pus,filesystem,,,,,,,,,,
2228665,f441,FAT32+,0,BN,,!Cx,Formats,@base(f434 & f439),,Fat32Plus,filesystem,,,,,,,,,,
2228666,f442,UMSDOS,0,BN,,!Cx,Formats,,,Umsdos,filesystem,,,,,,,,,,
2228667,f443,UVFAT,0,BN,,!Cx,Formats,,,Uvfat,filesystem,,,,,,,,,,
2228668,f444,VFAT,0,BN,,!Cx,Formats,,,Vfat,filesystem,,,,,,,,,,
2228669,f445,SMB (Server Message Block),0,BN,,!Cx,Formats,,,Smb,virtualfilesystem,,,,,,,,,,
2228670,f446,CIFS (Common Internet File System),0,BN,,!Cx,Formats,@base(f445),,Cifs,virtualfilesystem,,,,,,,,,,
2228671,f447,SMB2,0,BN,,!Cx,Formats,@base(f445),,Smb2,virtualfilesystem,,,,,,,,,,
2228672,f448,NFS (Network File System),0,BN,,!Cx,Formats,,,Nfs,virtualfilesystem,,,,,,,,,,
2228673,f449,ISO 9660,0,BN,,!Cx,Formats,,,Iso9660,filesystem,,,,,,,,,,
2228674,f450,UDF (Universal Disk Format),0,BN,,!Cx,Formats,,,Udf,filesystem,,,,,,,,,,
2228675,f451,Joliet,0,BN,,!Cx,Formats,@base(f449),,Joliet,filesystem,,,,,,,,,,
2228676,f452,MFS (Macintosh File System),0,BN,,!Cx,Formats,,,Mfs,filesystem,,,,,,,,,,
2228677,f453,HFS (Hierarchical File System),0,BN,,!Cx,Formats,,,Hfs,filesystem,,,,,,,,,,
2228678,f454,HFS+,0,BN,,!Cx,Formats,@base(f453),,HfsPlus,filesystem,,,,,,,,,,
2228679,f455,APFS,0,BN,,!Cx,Formats,,,Apfs,filesystem,,,,,,,,,,
2228680,f456,NTFS,0,BN,,!Cx,Formats,,,Ntfs,filesystem,,,,,,,,,,
2228681,f457,ReFS,0,BN,,!Cx,Formats,,,Refs,filesystem,,,,,,,,,,
2228682,f458,ReiserFS,0,BN,,!Cx,Formats,,,ReiserFs,filesystem,,,,,,,,,,
2228683,f459,Reiser4,0,BN,,!Cx,Formats,@base(f458),,Reiser4,filesystem,,,,,,,,,,
2228684,f460,Bcachefs,0,BN,,!Cx,Formats,,,Bcachefs,filesystem,,,,,,,,,,
2228685,f461,DcText short,0,BN,,!Cx,Formats,,"Like DcText, but Dcs are short by default. @123@ = short Dc 123; a = literal Unicode a; @l123@ = long Dc 123; @L123@ = local node; @u123a@ = U+123A, @f123@ = format 123",Dcts,document,.dcts,,,,,,,,,
2228686,f462,FNV (Fowler-Noll-Vo) hash,0,BN,,!Cx,Formats,,,FowlerNollVo,hash,,,,,,,,,,
2228687,f463,FNV-0 hash,0,BN,,!Cx,Formats,@base(f462),,Fnv0,hash,,,,,,,,,,
2228688,f464,FNV-1 hash,0,BN,,!Cx,Formats,@base(f462),,Fnv1,hash,,,,,,,,,,
2228689,f465,FNV-1a hash,0,BN,,!Cx,Formats,@base(f462),,Fnv1a,hash,,,,,,,,,,
2228690,f466,"FNV-0 hash, 32 bits",0,BN,,!Cx,Formats,@base(f463),,Fnv0_32,hash,,,,,,,,,,
2228691,f467,"FNV-0 hash, 64 bits",0,BN,,!Cx,Formats,@base(f463),,Fnv0_64,hash,,,,,,,,,,
2228692,f468,"FNV-0 hash, 128 bits",0,BN,,!Cx,Formats,@base(f463),,Fnv0_128,hash,,,,,,,,,,
2228693,f469,"FNV-0 hash, 256 bits",0,BN,,!Cx,Formats,@base(f463),,Fnv0_256,hash,,,,,,,,,,
2228694,f470,"FNV-0 hash, 512 bits",0,BN,,!Cx,Formats,@base(f463),,Fnv0_512,hash,,,,,,,,,,
2228695,f471,"FNV-0 hash, 1024 bits",0,BN,,!Cx,Formats,@base(f463),,Fnv0_1024,hash,,,,,,,,,,
2228696,f472,"FNV-1 hash, 32 bits",0,BN,,!Cx,Formats,@base(f464),,Fnv1_32,hash,,,,,,,,,,
2228697,f473,"FNV-1 hash, 64 bits",0,BN,,!Cx,Formats,@base(f464),,Fnv1_64,hash,,,,,,,,,,
2228698,f474,"FNV-1 hash, 128 bits",0,BN,,!Cx,Formats,@base(f464),,Fnv1_128,hash,,,,,,,,,,
2228699,f475,"FNV-1 hash, 256 bits",0,BN,,!Cx,Formats,@base(f464),,Fnv1_256,hash,,,,,,,,,,
2228700,f476,"FNV-1 hash, 512 bits",0,BN,,!Cx,Formats,@base(f464),,Fnv1_512,hash,,,,,,,,,,
2228701,f477,"FNV-1 hash, 1024 bits",0,BN,,!Cx,Formats,@base(f464),,Fnv1_1024,hash,,,,,,,,,,
2228702,f478,"FNV-1a hash, 32 bits",0,BN,,!Cx,Formats,@base(f465),,Fnv1a_32,hash,,,,,,,,,,
2228703,f479,"FNV-1a hash, 64 bits",0,BN,,!Cx,Formats,@base(f465),,Fnv1a_64,hash,,,,,,,,,,
2228704,f480,"FNV-1a hash, 128 bits",0,BN,,!Cx,Formats,@base(f465),,Fnv1a_128,hash,,,,,,,,,,
2228705,f481,"FNV-1a hash, 256 bits",0,BN,,!Cx,Formats,@base(f465),,Fnv1a_256,hash,,,,,,,,,,
2228706,f482,"FNV-1a hash, 512 bits",0,BN,,!Cx,Formats,@base(f465),,Fnv1a_512,hash,,,,,,,,,,
2228707,f483,"FNV-1a hash, 1024 bits",0,BN,,!Cx,Formats,@base(f465),,Fnv1a_1024,hash,,,,,,,,,,
2228708,f484,DcUtf mixed mode,0,BN,,!Cx,Formats,,"Like DcUtf, but begins with magic DcMM\0, followed by the binary equivalent of UUID d5ab819e-9b8e-4d61-adbc-933e8851e79a, and subsequently, any occurrence of Dc 203 will be followed by a type byte (0 = binary; 1 = DcUtf; 2 and 5..255 reserved), followed by a 128-bit binary number (big-endian) indicating the size of the encapsulated region (even if that size is 0), and then the contents of that region will be stored directly as binary data rather than using base64 encapsulation. The terminating Dc 204 will be implicit. If Dcs other than base64-encapsulation or padding Dcs occur prior to a terminating Dc 204, the region will use normal DcUtf (type byte 1) rather than binary. Type bytes 3 and 4 are the same as 0 and 1, but there is additionally a binary sha256 checksum of the stream following the size.",DcMixed,document,.dcmm,,,,,,,,,
2228709,f485,File metadata JSON as serialized by Collective Toolbox,0,BN,,!Cx,Formats,@base(f184),,CtbFileMetadataJson,container,.json,,,,,,,,,
2228710,f486,Seconds since Unix epoch,0,BN,,!Cx,Formats,,,SecondsSinceEpoch,date,,,,,,,,,,
2228711,f487,Nanoseconds since Unix epoch,0,BN,,!Cx,Formats,@base(f486),,NsSinceEpoch,date,,,,,,,,,,
2228712,f488,Second,0,BN,,!Cx,Formats,,,Second,duration,,,,,,,,,,
2228713,f489,Nanosecond,0,BN,,!Cx,Formats,,,Nanosecond,duration,,,,,,,,,,
2228714,f490,IPV4 address,0,BN,,!Cx,Formats,"@base(f226), :[number:f207]",,IpV4,identifier,,,,,,,,,,
2228715,f491,IPV6 address,0,BN,,!Cx,Formats,"@base(f226), :[number:f211]",,IpV6,identifier,,,,,,,,,,
2228716,f492,Unix OS family,0,BN,,!Cx,Formats,,,Unix,os,,,,,,,,,,
2228717,f493,Apple iOS,0,BN,,!Cx,Formats,@base(f396 & f394),,AppleIos,os,,,,,,,,,,
2228718,f494,Apple watchOS,0,BN,,!Cx,Formats,@base(f396 & f394),,WatchOs,os,,,,,,,,,,
2228719,f495,Apple tvOS,0,BN,,!Cx,Formats,@base(f396 & f394),,TvOs,os,,,,,,,,,,
2228720,f496,Apple visionOS,0,BN,,!Cx,Formats,@base(f396 & f394),,VisionOs,os,,,,,,,,,,
2228721,f497,GNUstep environment,0,BN,,!Cx,Formats,@base(f395),,GnuStep,userland,,,,,,,,,,
2228722,f498,NeXTSTEP / OPENSTEP environment,0,BN,,!Cx,Formats,@base(f392),,NextStep,os,,,,,,,,,,
2228723,f499,Web-based user interface,0,BN,,!Cx,Formats,@base(f271),,WebUi,device_caps,,,,,,,,,,
2228724,f500,Embedded webview display,0,BN,,!Cx,Formats,@base(f499),,WebView,device_caps,,,,,,,,,,
2228725,f501,Browser virtual machine runtime,0,BN,,!Cx,Formats,,,BrowserVm,device_caps,,,,,,,,,,
2228726,f502,v86 browser x86 PC emulation,0,BN,,!Cx,Formats,@base(f501),,V86Vm,device_caps,,,,,,,,,,
2228727,f503,Progressive Web Application,0,BN,,!Cx,Formats,@base(f499),,Pwa,device_caps,,,,,,,,,,
2228728,f504,Point in n-dimensional space,0,BN,,!Cx,Formats,:~ [number $dimensions] [list($dimensions):number],An absolute location or position within an affine reference frame. Meaningless without an origin anchor.,Point,math,,,,,,,,,,
2228729,f505,Point in 1-dimensional space,0,BN,,!Cx,Formats,"@base(f504), :~ [number]",1D coordinate or scalar position.,Point1D,math,,,,,,,,,,
2228730,f506,Point in 2-dimensional space,0,BN,,!Cx,Formats,"@base(f504), :~ [number] [number]",2D planar coordinate.,Point2D,math,,,,,,,,,,
2228731,f507,Point in 3-dimensional space,0,BN,,!Cx,Formats,"@base(f504), :~ [number] [number] [number]",3D spatial coordinate.,Point3D,math,,,,,,,,,,
2228732,f508,Vector in n-dimensional space,0,BN,,!Cx,Formats,:~ [number $dimensions] [list($dimensions):number],Origin-independent displacement or direction and magnitude in n dimensions.,Vector,math,,,,,,,,,,
2228733,f509,Vector in 1-dimensional space,0,BN,,!Cx,Formats,"@base(f508), :~ [number]",1D displacement or delta vector.,Vector1D,math,,,,,,,,,,
2228734,f510,Vector in 2-dimensional space,0,BN,,!Cx,Formats,"@base(f508), :~ [number] [number]",2D displacement or delta vector.,Vector2D,math,,,,,,,,,,
2228735,f511,Vector in 3-dimensional space,0,BN,,!Cx,Formats,"@base(f508), :~ [number] [number] [number]",3D displacement or delta vector.,Vector3D,math,,,,,,,,,,
2228736,f512,1-dimensional interval or range,0,BN,,!Cx,Formats,:~ [number] [number],1D span [start end] or [min max].,Interval1D,math,,,,,,,,,,
2228737,f513,2-dimensional bounding box or rectangle,0,BN,,!Cx,Formats,:~ ([f506:] [f506:]) | ([f506:] [f510:]),2D bounding region or rectangle. Dual-point [point point] or anchor-and-extent [point vector].,Box2D,math,,,,,,,,,,
2228738,f514,3-dimensional bounding box or cuboid,0,BN,,!Cx,Formats,:~ ([f507:] [f507:]) | ([f507:] [f511:]),3D bounding volume or cuboid. Dual-point [point point] or anchor-and-extent [point vector].,Box3D,math,,,,,,,,,,
2228739,f515,1-dimensional discrete sequence index,0,BN,,!Cx,Formats,"@base(f505), <approx>f505, :~ [number:Natural0]",Discrete 1D coordinate in an ordered linear sequence or array. Entity: Point1D (f505). Origin: SequenceStart (f529). Axis: AxisOrdinal (f537; +index forward). These are metadata relationships rather than a Dc payload sequence.,Index1D,math,,,,,,,,,,
2228740,f516,2-dimensional discrete grid or key-value index,0,BN,,!Cx,Formats,"@base(f506), <approx>f506, :~ [number:Natural0] [number:Natural0]",Discrete 2D coordinate in a matrix (row col) or key-value list (entry field). Entity: Point2D (f506). Origin: SequenceStart (f529). Axes: [AxisOrdinal (f537) AxisField (f538)] or [AxisRowDown (f535) AxisColRight (f536)]. These are metadata relationships rather than a Dc payload sequence.,Index2D,math,,,,,,,,,,
2228741,f517,2-dimensional size or extent dimensions,0,BN,,!Cx,Formats,"@base(f510), <approx>f510, :~ [number:Natural0] [number:Natural0]",Non-negative 2D extent [width height]. Entity: Vector2D (f510). Basis: [AxisHorizRight (f530) AxisVertDown (f531)]. Origin: None (origin-independent). These are metadata relationships rather than a Dc payload sequence.,Size2D,math,,,,,,,,,,
2228742,f518,3-dimensional size or extent dimensions,0,BN,,!Cx,Formats,"@base(f511), <approx>f511, :~ [number:Natural0] [number:Natural0] [number:Natural0]",Non-negative 3D extent [width height depth]. Entity: Vector3D (f511). Basis: [AxisHorizRight (f530) AxisVertDown (f531) AxisDepthIn (f533)]. Origin: None. These are metadata relationships rather than a Dc payload sequence.,Size3D,math,,,,,,,,,,
2228743,f519,2-dimensional Cartesian point [x y],0,BN,,!Cx,Formats,"@base(f506), <approx>f506",Standard 2D Cartesian coordinate [x y]. Entity: Point2D (f506). Origin: Center (f528) or BottomLeft (f527). Axes: [AxisHorizRight (f530; +x right) AxisVertUp (f532; +y up)]. Order: OrderXY (f539). Typical use: math graphs PostScript/PDF CAD. These are metadata relationships rather than a Dc payload sequence.,CartesianPoint2D,math,,,,,,,,,,
2228744,f520,3-dimensional Cartesian point [x y z],0,BN,,!Cx,Formats,"@base(f507), <approx>f507",Standard 3D Cartesian coordinate [x y z]. Entity: Point3D (f507). Origin: Center (f528). Axes: [AxisHorizRight (f530) AxisVertUp (f532) AxisDepthOut (f534)]. Order: OrderXYZ (f541). These are metadata relationships rather than a Dc payload sequence.,CartesianPoint3D,math,,,,,,,,,,
2228745,f521,2-dimensional screen coordinate [x y],0,BN,,!Cx,Formats,"@base(f506), <approx>f506",2D screen or window coordinate [x y]. Entity: Point2D (f506). Origin: WindowTopLeft (f526) or ScreenTopLeft (f525). Axes: [AxisHorizRight (f530; +x right) AxisVertDown (f531; +y down)]. Order: OrderXY (f539). Typical use: modern UI mouse/touch positions Wayland/X11 DOM clientX/Y. These are metadata relationships rather than a Dc payload sequence.,ScreenPoint2D,math,,,,,,,,,,
2228746,f522,2-dimensional screen rectangle [x y width height],0,BN,,!Cx,Formats,"@base(f513), <approx>f513",Modern 2D screen layout rectangle [x y width height]. Entity: Box2D (f513). Defined as anchor point ScreenPoint2D (f521) [x y] + extent vector Size2D (f517) [width height]. Origin: WindowTopLeft (f526). Typical use: CSS bounding rect window layout. These are metadata relationships rather than a Dc payload sequence.,ScreenRect,math,,,,,,,,,,
2228747,f523,Mac OS QuickDraw point [v h],0,BN,,!Cx,Formats,"@base(f506), <approx>f506, :~ [number:Integer] [number:Integer]",Classic Mac OS QuickDraw point [v h]. Entity: Point2D (f506). Origin: WindowTopLeft (f526) or ScreenTopLeft (f525). Axes: [AxisVertDown (f531; +v down) AxisHorizRight (f530; +h right)]. Order: OrderVH (f540; vertical first horizontal second). Unit: QuickDraw points. Typical use: FinderInfo location (v h) QuickDraw Point. These are metadata relationships rather than a Dc payload sequence.,QuickDrawPoint,math,,,,,,,,,,
2228748,f524,Mac OS QuickDraw rectangle [top left bottom right],0,BN,,!Cx,Formats,"@base(f513), <approx>f513, :~ [number:Integer] [number:Integer] [number:Integer] [number:Integer]",Classic Mac OS QuickDraw rectangle [top left bottom right]. Entity: Box2D (f513). Defined by two QuickDrawPoints (f523): [v_top h_left v_bottom h_right]. Origin: ScreenTopLeft (f525; global) or WindowTopLeft (f526; local). Typical use: FinderInfo window_bounds QuickDraw Rect. These are metadata relationships rather than a Dc payload sequence.,QuickDrawRect,math,,,,,,,,,,
2228749,f525,Origin anchor at screen top-left,0,BN,,!Cx,Formats,,Origin at the top-left corner of the primary screen or root display.,OriginScreenTopLeft,math,,,,,,,,,,
2228750,f526,Origin anchor at window or container top-left,0,BN,,!Cx,Formats,,Origin at the top-left corner of the window client area or container.,OriginWindowTopLeft,math,,,,,,,,,,
2228751,f527,Origin anchor at bottom-left,0,BN,,!Cx,Formats,,Origin at bottom-left (standard Cartesian plane PostScript PDF OpenGL default window).,OriginBottomLeft,math,,,,,,,,,,
2228752,f528,Origin anchor at center,0,BN,,!Cx,Formats,,Origin at center of viewport or bounding area (e.g. normalized device coordinates [-1 1]).,OriginCenter,math,,,,,,,,,,
2228753,f529,Origin anchor at sequence start,0,BN,,!Cx,Formats,,Origin at the beginning of an ordered sequence or buffer (base 0 or base 1).,OriginSequenceStart,math,,,,,,,,,,
2228754,f530,Horizontal axis directed rightwards (+x),0,BN,,!Cx,Formats,,Standard horizontal axis where positive direction is rightwards.,AxisHorizRight,math,,,,,,,,,,
2228755,f531,Vertical axis directed downwards (+y/+v),0,BN,,!Cx,Formats,,Vertical axis directed downwards (screen DOM SVG QuickDraw convention).,AxisVertDown,math,,,,,,,,,,
2228756,f532,Vertical axis directed upwards (+y),0,BN,,!Cx,Formats,,Vertical axis directed upwards (Cartesian math PostScript PDF convention).,AxisVertUp,math,,,,,,,,,,
2228757,f533,Depth axis directed inward (+z),0,BN,,!Cx,Formats,,Depth axis directed inward / away from viewer.,AxisDepthIn,math,,,,,,,,,,
2228758,f534,Depth axis directed outward (+z),0,BN,,!Cx,Formats,,Depth axis directed outward / toward viewer.,AxisDepthOut,math,,,,,,,,,,
2228759,f535,Discrete row axis directed downwards (+row),0,BN,,!Cx,Formats,,Discrete row indexing in a matrix or table.,AxisRowDown,math,,,,,,,,,,
2228760,f536,Discrete column axis directed rightwards (+col),0,BN,,!Cx,Formats,,Discrete column indexing in a matrix or table.,AxisColRight,math,,,,,,,,,,
2228761,f537,Discrete ordinal sequence position (+index),0,BN,,!Cx,Formats,,Discrete ordinal progression along a sequence or array.,AxisOrdinal,math,,,,,,,,,,
2228762,f538,Discrete field selector (e.g. key vs value),0,BN,,!Cx,Formats,,Discrete field / component selector within an entry tuple.,AxisField,math,,,,,,,,,,
2228763,f539,Cartesian tuple axis ordering [x y],0,BN,,!Cx,Formats,,Horizontal axis first vertical axis second [x y].,OrderXY,math,,,,,,,,,,
2228764,f540,Row-major / QuickDraw tuple axis ordering [v h],0,BN,,!Cx,Formats,,Vertical / row axis first horizontal / column axis second [v h] (or [row col]). V = distance down from the top edge of the coordinate plane. H = distance right from the left edge of the coordinate plane.,OrderVH,math,,,,,,,,,,
2228765,f541,3D Cartesian tuple axis ordering [x y z],0,BN,,!Cx,Formats,,Standard 3D axis ordering [x y z].,OrderXYZ,math,,,,,,,,,,
2228766,f542,ISO 8859-1,0,BN,,!Cx,Formats,@base(f4),,Iso88591,encoding,,,,,,,,,,
