Dc,Short,Ident (Rust-friendly),Label,Category,"Base/Related Format/Category, Chain (=), or Syntax (:)","Extensions (Primary extension first, followed by comma-separated alternatives)","MIME (Primary MIME type first, followed by comma-separated aliases)",Apple Uniform Type Identifier (UTI),Apple Type code,Nicknames (short names for uses like CLI arguments),"Import support
(for trans_:
  =run the tr.)","Export support
(for trans_:
  =reverse the
    tr.)",Tests,"Variant Types
(comma-
  delimited)","Comments. The “Format name” is an ID, and should conform to StageL ident naming.
Import/export/tests support columns meaning:
   -1=N/A
   blank/0=none
   1=WIP
   2=mostly, or fully for at least one version of a format with options
   3=fully implemented for semantic content (and tests for variation in non-semantic details of the structure of the doc being imported)
   4=lossless and roundtrippable (with enough info for unambiguous bit-for-bit reconstruction of any given input)
   5=4+optional strict validation.",References
2228224,0,Utf8,UTF-8,encoding,Unicode,".txt, .utf8",,,,,1,2,1,unicodePua,"For “encoding” formats, the extension given should have “.txt” appended to it when it’s not being used as an option for another format (e.g. HTML). Variants: unicode versions, BOM/no BOM, line ending variants (CR/LF/CRLF/the various others floating around), PUA extensions (variant:unicodePua type).",
2228225,1,DcArray,Internal: Classic Dc Array,semantic,,,,,,,-1,-1,-1,,"Array of classic (short) Dc ints, without a defined repreresentation - &[u32] in Rust; an in StageL",
2228226,2,DcIntegerList,Dc Integer List,document,,.dcil,,,,,2,3,1,,"ASCII text containing list of integers representing classic Dcs. Strictly, one space after every int, and no newlines. Loosely, with newlines or multiple spaces, or no end space.",
2228227,3,AsciiSafeSubset,Printable ASCII,encoding,,".txt, .ascii",,,,,3,3,1,,"ASCII with no control characters. Variants: Line ending variants allowed for *reading*, but only CR/LF/CRLF, and all of them mean unambiguous CR+LF (=EOL), and should be interpreted as such on import and emitted as such on export, thus preserving line-endings by requiring non-CRLF to be stored using a higher-level protocol (e.g. base64ing the content and using this as an ASCII armor format only). How useful this format is is debateable.",
2228228,4,Ascii,ASCII,encoding,,".txt, .ascii",,,,,3,3,1,lineEndings,7-bit ASCII. Variants: Line ending variants,
2228229,5,Html,HTML,document,,".htm, .html",,,,,,1,1,encoding,,
2228230,6,Sems,SEMS,document,,.sems,,,,,2,,1,,"Space-separated list of ints representing classic Dcs, with comments. Comments are UTF-8. Strictly, one space after every int, valid UTF-8 comments only, and a final newline.",
2228231,7,Unicode,Unicode,semantic,,,,,,,-1,-1,-1,,Array of ints representing Unicode characters. Might include things that aren’t valid unicode.,
2228232,8,Vt100,VT100,videoterminal,Videoterminal,.vt100,,,,,,,,,Terminal format is an option for text files; when exporting would get the extension format: [terminal].[encoding].txt for example: vt100.utf8.txt,
2228233,9,Videoterminal,Character-mode terminal,device_caps,,.txt,,,,,,,,,"Variants: terminal, encoding",
2228234,10,Teleprinter,Character-mode teleprinter,device_caps,,.txt,,,,,,,,,"Variants: terminal, encoding. (A printer that can overstrike etc. would still be considered immutable; immutable refers to whether it can erase. Raster, postscript, etc. printers would use their respective formats rather than this one.)",
2228235,11,DcBasenb,Dc in Unicode,v:unicodePua,Unicode,.dcbnb,,,,,,,,,unicodePua = extension to Unicode using the Private Use Areas,
2228236,12,BaseNb,BaseNb family,armor,Base16b,.basenb,,,,,,,,,"data = format that can hold generic binary data (or at least, generic sequences of bytes; not all formats support generic numbers of bits).",
2228237,13,HtmlFragment,HTML fragment,document,,.htmfrag,,,,,,1,1,,Variants: same as HTML,
2228238,14,Text,Text,document,,.txt,,,,,,,,encoding,HTML and text both should default to UTF8 as the default encoding. Encodings fill a somewhat odd role since they are both encodings and formats (with the text format plus a given encoding being the same thing as that encoding by itself).,
2228239,15,Lang_En,English,language,,~\.en\.~,,,,,,1,,,"Most formats have language variant types, for printing structured metadata where it’s not supported. Whether it should be printed by default is debateable.",
2228240,16,Lang_En_Us,English (US),language,Lang_En,~\.en-US\.~,,,,,,,,,"Language variants aren’t handled as format variants of the languages they are variants of, since there aren’t tons of possible combinations (at least that are practical to support). Instead, the type is given as lv: followed by the language identifier of which they are a variant (without the lang_ prefix).",
2228241,17,Elad,EITE Language in ASCII documents (ELAD),document,,.elad,,,,,,1,,,,
2228242,18,JavaScript,JavaScript,programming,,.js,,,,,,,,,"Programming languages are both formats on their own account, and variants of other formats: for exporting to a text-based format, you could opt to have programmatic Dcs exported to a programming language or a natlang.",
2228243,19,SemanticToText,Semantic Dcs to text,transformation,,,,,,,1,,,,“transformation” types operate on documents stored as arrays of Dcs.,
2228244,20,CodeToText,Programmatic Dcs to text,transformation,,,,,,,1,,,,,
2228245,21,EiteColorCoded,Color-coded HTML integer list,document,,.htm,,,,,,1,,,HTML file containing color-coded Dc integer list,
2228246,22,LineEndingLf,Lines terminated by LF. POSIX,v:lineEndings,,,,,,,,,,,,
2228247,23,LineEndingCr,"Lines terminated by CR, which (TBD: separate or terminated?) is used by Mac (traditional)",v:lineEndings,,,,,,,,,,,,
2228248,24,LineEndingCrLf,"Lines terminated by CRLF, which (TBD: separate or terminated?) is used by Windows",v:lineEndings,,,,,,,,,,,,
2228249,25,LineEndingLfCr,"Lines terminated by LFCR, which (TBD: separate or terminated?) is used by Acorn; RISC",v:lineEndings,,,,,,,,,,,,
2228250,26,LineEndingRs,"Lines terminated by RS, which (TBD: separate or terminated?) is used by QNX (traditional)",v:lineEndings,,,,,,,,,,,,
2228251,27,LineEndingNl,"Lines terminated by NL (NEL), which (TBD: separate or terminated?) is used by EBCDIC/IBM",v:lineEndings,,,,,,,,,,,,
2228252,28,LineSeparatorLf,Lines separated by LF,v:lineEndings,,,,,,,,,,,,
2228253,29,LineSeparatorCr,Lines separated by CR,v:lineEndings,,,,,,,,,,,,
2228254,30,LineSeparatorCrLf,Lines separated by CRLF,v:lineEndings,,,,,,,,,,,,
2228255,31,LineSeparatorLfCr,Lines separated by LFCR,v:lineEndings,,,,,,,,,,,,
2228256,32,LineSeparatorRs,Lines separated by RS,v:lineEndings,,,,,,,,,,,,
2228257,33,LineSeparatorNl,Lines separated by NL (NEL),v:lineEndings,,,,,,,,,,,,
2228258,34,Brotli,Brotli compression (RFC 9841),compression,,.br,,,,"brotli, br",,,,,,
2228259,35,Gzip,GNU gzip compression (RFC 1952),compression,,.gz,,,,"gzip, gz",,,,,,
2228260,36,Deflate,"Deflate compression (RFC 1591), raw",compression,,.deflate,,,,"deflate, raw-deflate",,,,,,
2228261,37,Zlib,Zlib compression (RFC 1950) (wrapped Deflate),compression,,".zz, .zl",,,,"zlib, zz, zl, zlib-deflate",,,,,,
2228262,38,Bzip2,Bzip2 compression,compression,,.bz2,,,,"bzip2, bz2",,,,,,
2228263,39,Bzip,Original bzip compression,compression,,.bz,,,,bz,,,,,,
2228264,40,Zstd,Zstandard compression,compression,,".zst, .zstd",,,,"zstd, zst",,,,,,
2228265,41,Lzip,Lzip compression,compression,,.lz,,,,"lz, lzip",,,,,,
2228266,42,Xz,XZ compression,compression,,.xz,,,,"xz, xzip",,,,,,
2228267,43,ScoCompress,compress`: SCO `compress -H` format,compression,,.Z,,,,"sco, sco-compress, compress-sco, compress-h",,,,,,
2228268,44,CompressLzw,"`compress` format, modern LZW block format",compression,,.Z,,,,"compress, compress4, compress3, compress-4.0, compress-3.0",,,,,,
2228269,45,CompressLzw1,`compress` 1.0 (LZW headerless format),compression,,.Z,,,,"compress1, compress-1.0",,,,,,
2228270,46,CompressLzw16,`compress` 1.6 (LZW sorted chain format),compression,,.Z,,,,"compress16, compress1.6, compress-1.6, lzw-sorted-chain",,,,,,
2228271,47,CompressLzw2,`compress` 2.0 (LZW non-block format),compression,,.Z,,,,"compress2, compress-2.0",,,,,,
2228272,48,Pack,"`pack` format, common version (Huffman)",compression,,.z,,,,pack,,,,,,
2228273,49,OldPack,"`pack` format, early PDP-11 Unix binary tree",compression,,.z,,,,"oldpack, old-pack, early-pack",,,,,,
2228274,50,Compact,`compact` (McMaster Adaptive Huffman),compression,,.C,,,,compact,,,,,,
2228275,51,BaseString,Data encoded using an alphabet,armor,,,,,,,,,,,,
2228276,52,Base64Standard,The standard Base64 encoding (RFC 4648),armor,BaseString,".b64, .base64",,,,,,,,,,
2228277,53,HexByteString,"Hexadecimal bytes, lowercase (output) or case-insensitive (input)",armor,BaseString,.hex,,,,,,,,,"Continuous hex-encoded byte stream. When output, without separators (e.g. deadbeef for 4 bytes)",
2228278,54,HexByteStrings0xPrefix,"Hexadecimal bytes, lowercase (output) or case-insensitive (input), prefixed with 0x",armor,HexByteString,,,,,,,,,,,
2228279,55,HexdumpPlain,Plain hexdump format,armor,Hexdump,,,,,,,,,,,
2228280,56,HexdumpFancy437,Fancy hexdump format used in ctoolbox web UI,armor,Hexdump,,,,,,,,,,,
2228281,57,Base16b,Modified Base16b family,armor,BaseString,,,,,,,,,,,
2228282,58,Base16b_7,"Base16b, base 7",armor,Base16b,,,,,,,,,,,
2228283,59,Base16b_8,"Base16b, base 8",armor,Base16b,,,,,,,,,,,
2228284,60,Base16b_9,"Base16b, base 9",armor,Base16b,,,,,,,,,,,
2228285,61,Base16b_10,"Base16b, base 10",armor,Base16b,,,,,,,,,,,
2228286,62,Base16b_11,"Base16b, base 11",armor,Base16b,,,,,,,,,,,
2228287,63,Base16b_12,"Base16b, base 12",armor,Base16b,,,,,,,,,,,
2228288,64,Base16b_13,"Base16b, base 13",armor,Base16b,,,,,,,,,,,
2228289,65,Base16b_14,"Base16b, base 14",armor,Base16b,,,,,,,,,,,
2228290,66,Base16b_15,"Base16b, base 15",armor,Base16b,,,,,,,,,,,
2228291,67,Base16b_16,"Base16b, base 16",armor,Base16b,,,,,,,,,,,
2228292,68,Base16b_17,"Base16b, base 17",armor,Base16b,,,,,,,,,,,
2228293,69,BaseNb_7,"BaseNb, base 7",armor,BaseNb,,,,,,,,,,,
2228294,70,BaseNb_8,"BaseNb, base 8",armor,BaseNb,,,,,,,,,,,
2228295,71,BaseNb_9,"BaseNb, base 9",armor,BaseNb,,,,,,,,,,,
2228296,72,BaseNb_10,"BaseNb, base 10",armor,BaseNb,,,,,,,,,,,
2228297,73,BaseNb_11,"BaseNb, base 11",armor,BaseNb,,,,,,,,,,,
2228298,74,BaseNb_12,"BaseNb, base 12",armor,BaseNb,,,,,,,,,,,
2228299,75,BaseNb_13,"BaseNb, base 13",armor,BaseNb,,,,,,,,,,,
2228300,76,BaseNb_14,"BaseNb, base 14",armor,BaseNb,,,,,,,,,,,
2228301,77,BaseNb_15,"BaseNb, base 15",armor,BaseNb,,,,,,,,,,,
2228302,78,BaseNb_16,"BaseNb, base 16",armor,BaseNb,,,,,,,,,,,
2228303,79,BaseNb_17,"BaseNb, base 17",armor,BaseNb,,,,,,,,,,,
2228304,80,String,String,semantic,,,,,,,,,,,,
2228305,81,CString,C string (null-terminated),document,String,,,,,,,,,,,
2228306,82,PascalString,Pascal string,document,String,,,,,,,,,,,
2228307,83,Ucs2,UCS-2,encoding,Unicode,,,,,,,,,,,
2228308,84,Wtf8,WTF-8,encoding,Unicode,,,,,,,,,,,
2228309,85,Utf32_BE,"UTF-32, big-endian",encoding,Unicode,,,,,,,,,,,
2228310,86,Cp437,Code page 437 (CCSID 437),encoding,,,,,,,,,,,,
2228311,87,MacRoman,MacRoman,encoding,,,,,,,,,,,,
2228312,88,DcText,DcText,document,,,,,,,,,,,,
2228313,89,DcUtf,DcUtf,document,,,,,,,,,,,,
2228314,90,DcList,DcList,document,,,,,,,,,,,,
2228315,91,DcBasenbFragment,DcBasenb Fragment,v:unicodePua,DcBasenb,,,,,,,,,,,
2228316,92,Cdce,CDCE,document,,,,,,,,,,,,
2228317,93,CdceLegacy,CDCE (legacy),document,,,,,,,,,,,,
2228318,94,CdceLegacyStrict,"CDCE (legacy, strict)",document,,,,,,,,,,,,
2228319,95,Dce,DCE (automatic version selection),document,,,,,,,,,,,,
2228320,96,DceHex,DCE (hex-encoded),document,,,,,,,,,,,,
2228321,97,Dce_3_0a,DCE 3.0a,document,,,,,,,,,,,,
2228322,98,Dce_3_0a_raw,DCE 3.0a (raw),document,,,,,,,,,,,,
2228323,99,Dce_3_0a_hex,DCE 3.0a (hex-encoded),document,,,,,,,,,,,,
2228324,100,Dce_3_0a_raw_hex,DCE 3.0a (raw hex-encoded),document,,,,,,,,,,,,
2228325,101,Dce_3_0a_old,DCE 3.0a (old translator),document,,,,,,,,,,,,
2228326,102,Dce2txt,dce2txt,document,,,,,,,,,,,,
2228327,103,Dce2hex,dce2hex,document,,,,,,,,,,,,
2228328,104,Hex2dce,hex2dce,document,,,,,,,,,,,,
2228329,105,Dce_3_01a,DCE 3.01a,document,Dce,,,,,,,,,,,
2228330,106,Dce_3_01a_raw,DCE 3.01a (raw),document,Dce_3_01a,,,,,,,,,,,
2228331,107,Dce_3_01a_hex,DCE 3.01a (hex-encoded),document,Dce_3_01a & Hexadecimal,,,,,,,,,,,
2228332,108,Dce_3_01a_raw_hex,DCE 3.01a (raw hex-encoded),document,Dce_3_01a_raw & Hexadecimal,,,,,,,,,,,
2228333,109,DcIdList,Dc ID list (ASCII),document,,,,,,,,,,,Is this the same thing as dcil?,
2228334,110,Utf8_Base64,UTF-8 (Base64-encoded),encoding,Utf8 & Base64,,,,,,,,,,Not really a unique format; it's a chain of UTF-8 within base64. Entered separately because it's separate in dceutils.,
2228335,111,Utf8_Dc64,"UTF-8 (Base64-encoded, ASCII Dc ID list)",document,,,,,,,,,,,,
2228336,112,Utf8_Dc64_enc,"UTF-8 (Base64-encoded, ASCII Dc ID list; with headers)",document,,,,,,,,,,,,
2228337,113,Utf8_Dc64_bin,"UTF-8 (Base64-encoded, DCE 3.01a+ encoding)",document,,,,,,,,,,,,
2228338,114,Utf8_Dc64_bin_hex,"UTF-8 (Base64-encoded, DCE 3.01a+ encoding; hex-encoded)",document,,,,,,,,,,,,
2228339,115,Utf8_Dc64_bin_enc,"UTF-8 (Base64-encoded, DCE 3.01a+ encoding; with headers)",document,,,,,,,,,,,,
2228340,116,Utf8_Dc64_bin_enc_hex,"UTF-8 (Base64-encoded, DCE 3.01a+ encoding; with headers; hex-encoded)",document,,,,,,,,,,,,
2228341,117,HtmlLegacyCdce,HTML (legacy CDCE output),document,,,,,,,,,,,,
2228342,118,HtmlLegacyCdceSnippet,HTML (snippet) (legacy CDCE output),document,,,,,,,,,,,,
2228343,119,AppleScript,AppleScript,programming,,,,,,,,,,,,
2228344,120,TypeScript,TypeScript,programming,,,,,,,,,,,,
2228345,121,Perl,Perl,programming,,,,,,,,,,,,
2228346,122,Bash,Bash,programming,,,,,,,,,,,,
2228347,123,C,C,programming,,,,,,"c, csrc",,,,,,
2228348,124,Cpp,C++,programming,,,,,,,,,,,,
2228349,125,Cs,C#,programming,,,,,,,,,,,,
2228350,126,Java,Java,programming,,,,,,,,,,,,
2228351,127,Perl5,Perl 5,programming,Perl,,,,,,,,,,,
2228352,128,Perl6,Perl 6 (quite different from earlier Perl versions),programming,,,,,,,,,,,,
2228353,129,Raku,Raku (successor of Perl 6),programming,Perl6,,,,,,,,,,,
2228354,130,Rust,Rust,programming,,,,,,,,,,,,
2228355,131,Php,PHP,programming,,,,,,,,,,,,
2228356,132,Sh,POSIX sh,programming,,,,,,,,,,,,
2228357,133,StageL,StageL,programming,,.stagel,,,,,,,,,,
2228358,134,StageLParseResult,StageL parse result,programming,,,,,,,,,,,,
2228359,135,Elf,ELF (Executable and Linkable Format),executable,,", .axf, .bin, .elf, .o, .out, .prx, .puff, .ko, .mod, .so, .AppImage",,,,,,,,,,
2228360,136,Pe,PE (Portable Executable),executable,,".exe, .com, .dll, .sys, .acm, .ax, .cpl, .drv, .efi, .ime, .mui, .ocx, .scr, .tsp, .msstyles",,,,,,,,,,
2228361,137,MachO,Mach-O (Mach object),executable,,", .o, .dylib, .kext",,,,,,,,,,
2228362,138,DebianPackage,Debian package,executable,,.deb,,,,,,,,,,
2228363,139,Lang_Ar,Arabic - العربية,language,,,,,,,,,,,,
2228364,140,Lang_Bn,Bengali - বাংলা,language,,,,,,,,,,,,
2228365,141,Lang_De,German - Deutsch,language,,,,,,,,,,,,
2228366,142,Lang_En_Gb,English (UK),language,Lang_En,,,,,,,,,,,
2228367,143,Lang_Es,Spanish - Español,language,,,,,,,,,,,,
2228368,144,Lang_Fa,Farsi - فارسی,language,,,,,,,,,,,,
2228369,145,Lang_Fil,Filipino,language,,,,,,,,,,,,
2228370,146,Lang_Fr,French - Français,language,,,,,,,,,,,,
2228371,147,Lang_Hi,Hindi - हिन्दी,language,,,,,,,,,,,,
2228372,148,Lang_Id,Indonesian - Bahasa Indonesia,language,,,,,,,,,,,,
2228373,149,Lang_It,Italian - Italiano,language,,,,,,,,,,,,
2228374,150,Lang_Ja,Japanese - 日本語,language,,,,,,,,,,,,
2228375,151,Lang_Ko,Korean - 한국어,language,,,,,,,,,,,,
2228376,152,Lang_Nl,Dutch - Nederlands,language,,,,,,,,,,,,
2228377,153,Lang_Pl,Polish - Polski,language,,,,,,,,,,,,
2228378,154,Lang_Pt,Portuguese - Português,language,,,,,,,,,,,,
2228379,155,Lang_Pt_Br,Brasilian Portuguese - Português (Brasil),language,Lang_Pt,,,,,,,,,,,
2228380,156,Lang_Ru,Russian - Русский,language,,,,,,,,,,,,
2228381,157,Lang_Tr,Turkish - Türkçe,language,,,,,,,,,,,,
2228382,158,Lang_Ur,Urdu - اردو,language,,,,,,,,,,,,
2228383,159,Lang_Vi,Vietnamese - Tiếng Việt,language,,,,,,,,,,,,
2228384,160,Lang_Zh_Cn,Chinese - 简体中文,language,,,,,,,,,,,,
2228385,161,Tar,`tar` (tape archive),container,,,,,,,,,,,,
2228386,162,Zip,ZIP archive,container,,,,,,,,,,,,
2228387,163,CtbAssetBundle,Collective Toolbox asset bundle,container,,.rsrc,,,,,,,,,,
2228388,164,Pdf,PDF (Portable Document Format),document,,.pdf,,,,,,,,,,
2228389,165,Markdown,Markdown,document,,.md,,,,,,,,,,
2228390,166,Troff,Troff,document,,.troff,,,,,,,,,,
2228391,167,Rss,"RSS 2, the common RSS format",document,,.rss,,,,,,,,,,
2228392,168,Rss09,RSS 0.90,document,,.rdf,,,,,,,,,,
2228393,169,Rss091Netscape,"RSS 0.91, Netscape version",document,,.xml,,,,,,,,,,
2228394,170,Rss091UserLand,"RSS 0.91, UserLand version",document,,.xml,,,,,,,,,,
2228395,171,Rss092,RSS 0.92,document,,.xml,,,,,,,,,,
2228396,172,Rss1,RSS 1.0,document,,.xml,,,,,,,,,,
2228397,173,ScriptingNews10,Scripting News 1.0a2,document,,.xml,,,,,,,,,,
2228398,174,ScriptingNews20,Scripting News 2.0b1,document,,.xml,,,,,,,,,,
2228399,175,Atom,Atom,document,,.atom,,,,,,,,,,
2228400,176,HAtom,hAtom,document,,.html,,,,,,,,,,
2228401,177,JsonFeed11,JSON Feed 1.1,document,,.json,,,,,,,,,,
2228402,178,WfscanOutput,`wfscan` output (a tool to make some binary data and file formats more readable),document,,,,,,,,,,,,
2228403,179,WfparseOutput,`wfparser` output (a tool to make some binary data and file formats more readable),document,,,,,,,,,,,,
2228404,180,Csv,Comma-Separated Values,database,,.csv,,,,,,,,,,
2228405,181,Tsv,Tab-Separated Values,database,,.tsv,,,,,,,,,,
2228406,182,Ssv,Semicolon-Separated Values,database,,.ssv,,,,,,,,,,
2228407,183,Multipart,Multipart form data,database,,,,,,,,,,,,
2228408,184,Json,JSON,database,,.json,,,,,,,,,,
2228409,185,Jsonc,JSONC,database,Json,.json,,,,,,,,,,
2228410,186,Xml,XML,database,,.xml,,,,,,,,,,
2228411,187,Warc,WARC,database,,.warc,,,,,,,,,,
2228412,188,Pan,Panorama database,database,,".pan, ",,,,,,,,,,
2228413,189,Sqlite,SQLite database,database,,.sqlite,,,,,,,,,,
2228414,190,IaMetaJson,Internet Archive metadata JSON,database,Json,.json,,,,,,,,,,
2228415,191,IaFilesXml,Internet Archive files XML,database,Xml,~_files\.xml$~,,,,,,,,,,
2228416,192,IaMetaXml,Internet Archive metadata XML,database,Xml,~_meta\.xml$~,,,,,,,,,,
2228417,193,IaMetaSqlite,Internet Archive metadata SQLite,database,Sqlite,~_meta\.sqlite$~,,,,,,,,,,
2228418,194,Clubcard,Clubcard data,database,,,,,,,,,,,,
2228419,195,CrliteFilter,CRLite filter data,database,,,,,,,,,,,,
2228420,196,CrliteFilterDelta,CRLite filter delta,database,,,,,,,,,,,,
2228421,197,CommonLogFormat,NCSA Common Log Format,database,,,,,,,,,,,,
2228422,198,ExtendedLogFormat,W3C Extended Log Format,database,,,,,,,,,,,,
2228423,199,Integer,Integer number,number,AbstractNumber,,,,,,,,,,,
2228424,200,Natural0,"Natural number, including 0",number,AbstractNumber & Integer,,,,,,,,,,,
2228425,201,Positive,Positive number,number,AbstractNumber,,,,,,,,,,,
2228426,202,Negative,Negative number,number,AbstractNumber,,,,,,,,,,,
2228427,203,U8,8-bit unsigned integer,number,,,,,,,,,,,,
2228428,204,I8,8-bit signed integer,number,,,,,,,,,,,,
2228429,205,U16,16-bit unsigned integer,number,,,,,,,,,,,,
2228430,206,I16,16-bit signed integer,number,,,,,,,,,,,,
2228431,207,U32,32-bit unsigned integer,number,,,,,,,,,,,,
2228432,208,I32,32-bit signed integer,number,,,,,,,,,,,,
2228433,209,U64,64-bit unsigned integer,number,,,,,,,,,,,,
2228434,210,I64,64-bit signed integer,number,,,,,,,,,,,,
2228435,211,U128,128-bit unsigned integer,number,,,,,,,,,,,,
2228436,212,I128,128-bit signed integer,number,,,,,,,,,,,,
2228437,213,Float,Floating-point number,number,,,,,,,,,,,,
2228438,214,Fixed,Fixed-point number,number,,,,,,,,,,,,
2228439,215,Pack32,Pack32 (encoded 32-bit value),number,,,,,,,,,,,,
2228440,216,Gregorian,Gregorian calendar,calendar,,,,,,,,,,,,
2228441,217,Julian,Julian calendar,calendar,,,,,,,,,,,,
2228442,218,DateString,A string representing a date,semantic,,,,,,,,,,,,
2228443,219,TimeString,A string representing a time,semantic,,,,,,,,,,,,
2228444,220,DateTimeString,A string representing a date and time,semantic,,,,,,,,,,,,
2228445,221,PanDate,Panorama date,date,,,,,,,,,,,,
2228446,222,PanTime,Panorama time,date,,,,,,,,,,,,
2228447,223,PanSuperDate,Panorama SuperDate,date,,,,,,,,,,,,
2228448,224,MathExpression,Math expression (not an equation/relation),math,,,,,,,,,,,,
2228449,225,Pem,"PEM printable encoding (Privacy-Enhanced Mail, RFC 7468)",database,,".pem, .crt",application/x-pem-file,,,,,,,,See more specific formats below,
2228450,226,IpAddr,IP address,identifier,,,,,,,,,,,,
2228451,227,Uri,URI (Uniform Resource Identifier),identifier,,,,,,,,,,,,
2228452,228,FileName,File name,identifier,,,,,,,,,,,,
2228453,229,FilePath,File path,identifier,,,,,,,,,,,,
2228454,230,Lnk,Windows shortcut,identifier,,".lnk, .url, .cda",application/x-ms-shortcut,,,,,,,,,
2228455,231,MacAlias,Mac alias,identifier,,,,com.apple.alias-file,alis,,,,,,,
2228456,232,MacBookmark,Mac bookmark,identifier,,,,,,,,,,,,
2228457,233,Torrent,Torrent,identifier,,.torrent,application/x-bittorrent,,,,,,,,,
2228458,234,Btih,Torrent info hash,identifier,,,,,,,,,,,,
2228459,235,Magnet,Magnet URI,identifier,Uri,,,,,,,,,,,
2228460,236,IaIdentifier,Internet Archive item identifier,identifier,,,,,,,,,,,,
2228461,237,IaArchiveTorrent,Internet Archive item torrent,identifier,Torrent,~_archive\.torrent$~,application/x-bittorrent,,,,,,,,,
2228462,238,XxHash32,xxHash32,hash,,,,,,,,,,,,
2228463,239,XxHash64,xxHash64,hash,,,,,,,,,,,,
2228464,240,XxHash3_64,xxHash3-64,hash,,,,,,,,,,,,
2228465,241,XxHash3_128,xxHash3-128,hash,,,,,,,,,,,,
2228466,242,Md5,MD5,hash,,,,,,,,,,,,
2228467,243,Md6,MD6,hash,,,,,,,,,,,,
2228468,244,Sha1,SHA-1,hash,,,,,,,,,,,,
2228469,245,Sha256,SHA-256,hash,,,,,,,,,,,,
2228470,246,Sha512,SHA-512,hash,,,,,,,,,,,,
2228471,247,Sha3,SHA-3,hash,,,,,,,,,,,,
2228472,248,Tiger,Tiger checksum,hash,,,,,,,,,,,,
2228473,249,Whirlpool,Whirlpool checksum,hash,,,,,,,,,,,,
2228474,250,Adler32,Adler32,hash,,,,,,,,,,,,
2228475,251,Fletcher4,Fletcher4,hash,,,,,,,,,,,,
2228476,252,Fletcher8,Fletcher8,hash,,,,,,,,,,,,
2228477,253,Fletcher16,Fletcher16,hash,,,,,,,,,,,,
2228478,254,Fletcher32,Fletcher32,hash,,,,,,,,,,,,
2228479,255,Crc32,CRC-321,hash,,,,,,,,,,,,
2228480,256,Cksum,`cksum`,hash,,,,,,,,,,,,
2228481,257,BsdChecksum,BSD checksum,hash,,,,,,,,,,,,
2228482,258,SysvChecksum,SYSV checksum,hash,,,,,,,,,,,,
2228483,259,Hmac,HMAC,hash,,,,,,,,,,,,
2228484,260,Blake,BLAKE,hash,,,,,,,,,,,,
2228485,261,Blake2,BLAKE2,hash,,,,,,,,,,,,
2228486,262,Blake3,BLAKE3,hash,,,,,,,,,,,,
2228487,263,UserAgent,User-Agent string,hash,,,,,,,,,,,,
2228488,264,FileExtension,File extension,hash,,,,,,,,,,,,
2228489,265,UriProtocol,URI protocol,hash,,,,,,,,,,,,
2228490,266,TerminalMouse,Character-mode videoterminal supporting mouse input,device_caps,,,,,,,,,,,,
2228491,267,TerminalGraphics,Character-mode videoterminal supporting graphics,device_caps,,,,,,,,,,,,
2228492,268,TerminalSixelGraphics,Character-mode videoterminal supporting sixel graphics,device_caps,,,,,,,,,,,,
2228493,269,TerminalIterm2Graphics,Character-mode videoterminal supporting iTerm2 graphics,device_caps,,,,,,,,,,,,
2228494,270,TerminalKittyGraphics,Character-mode videoterminal supporting Kitty graphics,device_caps,,,,,,,,,,,,
2228495,271,RasterDisplay,Raster display,device_caps,,,,,,,,,,,,
2228496,272,VectorDisplay,Vector display,device_caps,,,,,,,,,,,,
2228497,273,RenderModeImmediate,Render full document immediately without interactive features,device_caps,,,,,,,,,,,,
2228498,274,RenderModeInteractive,Render with interactive features enabled,device_caps,,,,,,,,,,,,
2228499,275,Unknown,Unknown data,armor,,", .bin",application/octet-stream,,,,,,,,,
2228500,276,Csur,ConScript Unicode Registry,v:unicodePua,,,,,,,,,,,,
2228501,277,Ucsur,Under-ConScript Unicode Registry,v:unicodePua,Csur,,,,,,,,,,,
2228502,278,Mime,Multipurpose Internet Mail Extensions,document,,".eml, .mim, .mime","message/rfc822, multipart/mixed",,,,,,,,,
2228503,279,QuotedPrintable,Quoted-Printable,armor,,,,,,,,,,,,
2228504,280,Uuencode,Uuencode,armor,,".uue, .uu",,,,,,,,,,
2228505,281,YEnc,yEnc,armor,,".ync, .yenc",,,,,,,,,,
2228506,282,BinHex,The common BinHex 4 format,armor,,.hqx,"application/mac-binhex40, application/mac-binhex, application/binhex",,,,,,,,,
2228507,283,BinHexTrs80,BinHex for TRS-80,armor,,.hex,,,,,,,,,,
2228508,284,BinHex1,BinHex 1 for Macintosh,armor,,,,,,,,,,,,
2228509,285,BinHex2,BinHex 2,armor,,.hcx,,,,,,,,,,
2228510,286,BinHex5,BinHex 5,armor,,,,,,,,,,,,
2228511,287,MacBinary,MacBinary,armor,,".bin, .macbin","application/macbinary, application/x-macbinary",,,,,,,,,
2228512,288,Shar,Shell archive,container,,.shar,,,,,,,,,,
2228513,289,Cpio,CPIO archive,container,,.cpio,,,,,,,,,,
2228514,290,Pax,PAX archive,container,,.pax,,,,,,,,,,
2228515,291,TarGz,,container,Tar & Gzip,".tar.gz, .tgz",,,,,,,,,,
2228516,292,TarZ,,container,Tar & CompressLzw,".tar.Z, .taz",,,,,,,,,,
2228517,293,TarBz2,,container,Tar & Bzip2,".tar.bz2, .tbz2",,,,,,,,,,
2228518,294,OutlookMsg,Microsoft Outlook Email,document,,.msg,application/vnd.ms-outlook,,,,,,,,,
2228519,295,PercentEncoding,Percent encoding (URL encoding),armor,,,,,,,,,,,,
2228520,296,NumericCharacterReferenceDec,Numeric Character Reference (decimal),armor,,,,,,,,,,,,
2228521,297,NumericCharacterReferenceHex,Numeric Character Reference (hexadecimal),armor,,,,,,,,,,,,
2228522,298,MimeBase64,"Base64 with separators, line length 76",armor,,,,,,,,,,,,
2228523,299,Xxencode,xxencoding,armor,,".xxe, .xx",,,,,,,,,,
2228524,300,Rzip,rzip,compression,,,,,,,,,,,,
2228525,301,Lrzip,lrzip (Long Range Zip),compression,,,,,,,,,,,,
2228526,302,Bzip3,Bzip3,compression,,,,,,,,,,,,
2228527,303,Lz4,LZ4,compression,,.lz4,,,,lz4,,,,,,
2228528,304,Lzo,LZO (Lempel-Ziv-Oberhumer),compression,,.lzo,,,,lzo,,,,,,
2228529,305,Zpaq,ZPAQ,container,,,,,,,,,,,,
2228530,306,Orz,orz (optimized reduced offset Lempel-Ziv),compression,,,,,,,,,,,,
2228531,307,Lzfse,LZFSE (Lempel–Ziv Finite State Entropy),compression,,,,,,,,,,,,
2228532,308,Hexdump,Family of formats of binary data represented as hexadecimal,armor,HexByteString,,,,,,,,,,,
2228533,309,Pkcs8PrivateKey,PKCS#8 Private Key (RFC 5958 sec. 7.1) (Public Key Cryptography Standard 8),database,,".p8, .key",application/pkcs8,,,,,,,,,https://raw.githubusercontent.com/mrwiora/pki-tutorial/cd50703b733f3864a720602928fd0e0671ab3ddb/docs/mime.rst
2228534,310,Pkcs10Csr,PKCS#10 Certificate Signing Request (RFC 5967 sec. 3.1) (Public Key Cryptography Standard 10),database,,".p10, .csr",application/pkcs10,,,,,,,,,https://raw.githubusercontent.com/mrwiora/pki-tutorial/cd50703b733f3864a720602928fd0e0671ab3ddb/docs/mime.rst
2228535,311,PkixCert,X.509 Certificate (RFC 2585 sec. 4.1; RFC 5280 sec. 4),database,,".cer, .crt","application/pkix-cert, application/x-x509-ca-cert, application/x-x509-user-cert, application/x-x509-email-cert",,,,,,,,,https://raw.githubusercontent.com/mrwiora/pki-tutorial/cd50703b733f3864a720602928fd0e0671ab3ddb/docs/mime.rst https://nss-crypto.org/reference/_sources/security/nss/legacy/certificate_download_specification/index.rst.txt
2228536,312,PkixCrl,X.509 CRL (RFC 2585 sec. 4.2; RFC 5280 sec. 5),database,,.crl,"application/pkix-crl, application/x-pkcs7-crl",,,,,,,,,https://raw.githubusercontent.com/mrwiora/pki-tutorial/cd50703b733f3864a720602928fd0e0671ab3ddb/docs/mime.rst
2228537,313,Pkcs7Mime,PKCS#7 Certificate Bundle (RFC 5273 p. 3; RFC 2315 sec. 9.1) (Public Key Cryptography Standard 7),database,,".p7c, .p7b, .spc, .p7r","application/pkcs7-mime, application/x-pkcs7-certificates, application/x-pkcs7-certreqresp",,,,,,,,,https://raw.githubusercontent.com/mrwiora/pki-tutorial/cd50703b733f3864a720602928fd0e0671ab3ddb/docs/mime.rst
2228538,314,Pkcs12,PKCS#12 Key and Certificate Bundle (Public Key Cryptography Standard 12),database,,".p12, .pfx",application/x-pkcs12,com.rsa.pkcs-12,,,,,,,,https://raw.githubusercontent.com/mrwiora/pki-tutorial/cd50703b733f3864a720602928fd0e0671ab3ddb/docs/mime.rst
2228539,315,AppleSingle,AppleSingle,document,,.as,application/applefile,,,,,,,,,https://raw.githubusercontent.com/fadden/CiderPress2/7a055a200e31f752f3a92bb9fe6ae6f67cd55534/DiskArc/Arc/AppleSingle-notes.md
2228540,316,AppleDouble,AppleDouble (RFC 1740),document,,"~^\._~, ~/\.AppleDouble/~, ~/__MACOSX/~, .ADF, ~^%~, ~^R\.~, .rsrc",multipart/appledouble,,,,,,,,,https://raw.githubusercontent.com/fadden/CiderPress2/7a055a200e31f752f3a92bb9fe6ae6f67cd55534/DiskArc/Arc/AppleSingle-notes.md
2228541,317,CtbNode,Collective Toolbox serialized node package,document,,.ctbn,,,,,,,,,,
2228542,318,CtbNodeV1,"Collective Toolbox serialized node package, version 1",document,CtbNode,.ctbn,,,,,,,,,,
2228543,319,CtbNodeV2,"Collective Toolbox serialized node package, version 2",document,CtbNode,.ctbn,,,,,,,,,,
2228544,320,Lzma,LZMA (Lempel–Ziv–Markov chain algorithm),compression,,.lzma,,,,lzma,,,,,,
2228545,321,Lzma2,LZMA container format,compression,Lzma,".lzma, .lzma2",,,,lzma2,,,,,,
2228546,322,TarLzo,"TAR, LZO",container,Tar & Lzo,".tar.lzo, .tzo",,,,,,,,,,
2228547,323,AlturaMacToWin,Convert MacRoman characters to Windows-1252 characters in the way Altura Mac2Win does (replacing some characters with visually different ones),transformation,,,,,,,,,,,,
2228548,324,AlturaWinToMac,Convert Windows-1252 characters to MacRoman characters in the reverse of the way Altura Mac2Win does (replacing some characters with visually different ones),transformation,,,,,,,,,,,,
2228549,325,Win1252,"Windows-1252 (""ANSI"")",encoding,,,,,,ansi,,,,,,
2228550,326,AlphaSmartNeo,AlphaSmart Neo encoding (has several variants),encoding,,,,,,,,,,,,
2228551,327,AlphaSmartNeoLowGrUs,"AlphaSmart Neo, graphical low bytes, USA",encoding,AlphaSmartNeo,,,,,,,,,,,
2228552,328,AlphaSmartNeoLowGrUaMac,"AlphaSmart Neo, graphical low bytes, Ukraine (Mac)",encoding,AlphaSmartNeo,,,,,,,,,,,
2228553,329,AlphaSmartNeoLowGrUaPc,"AlphaSmart Neo, graphical low bytes, Ukraine (PC)",encoding,AlphaSmartNeo,,,,,,,,,,,
2228554,330,AlphaSmartNeoLowCtlUs,"AlphaSmart Neo, control low bytes, USA",encoding,AlphaSmartNeo,,,,,,,,,,,
2228555,331,AlphaSmartNeoLowCtlUaMac,"AlphaSmart Neo, control low bytes, Ukraine (Mac)",encoding,AlphaSmartNeo,,,,,,,,,,,
2228556,332,AlphaSmartNeoLowCtlUaPc,"AlphaSmart Neo, control low bytes, Ukraine (PC)",encoding,AlphaSmartNeo,,,,,,,,,,,
2228557,333,AlphaWord,AlphaSmart AlphaWord file format,document,,,,,,,,,,,,
2228558,334,CtbAssetBundleV1,"Collective Toolbox resource bundle, version 1",container,CtbAssetBundle,.rsrc,,,,,,,,,,
2228559,335,CtbAssetBundleV2,"Collective Toolbox resource bundle, version 2",container,CtbAssetBundle,.rsrc,,,,,,,,,,
2228560,336,CtbAssetBundleV3,"Collective Toolbox resource bundle, version 3",container,CtbAssetBundle,.rsrc,,,,,,,,,,
2228561,337,CtbAssetBundleV4,"Collective Toolbox resource bundle, version 4",container,CtbAssetBundle,.rsrc,,,,,,,,,,
2228562,338,Jq,jq programming language,programming,,,,,,,,,,,,
2228563,339,JqJaq,jq programming language as implemented by jaq,programming,Jq,,,,,,,,,,,
2228564,340,Dcal,Dc ASCII List,document,,.dcal,,,,,2,3,1,,"ASCII text containing list of integers representing new Dcs. Strictly, one space after every int, and no newlines. Loosely, with newlines or multiple spaces, or no end space.",
2228565,341,HexdumpXxd,xxd-style hexdump (as output by default xxd settings),armor,HexByteString,,,,,,,,,,,
2228566,342,StageL2,StageL 2,programming,StageL,.sl,,,,,,,,,,
2228567,343,StageL2Intermediate,Normalized StageL 2,programming,StageL2,.sli,,,,,,,,,,
2228568,344,Csdl,Comma-separated Dc list,document,,,,,,,,,,,"ASCII text containing list of integers representing new Dcs, separated by commas, with no newlines. Loosely, with optional newlines, or spaces after commas. A parser could reasonably delegate to handling it as DcAsciiList if there are Dcs separated only by spaces, though a file mixing commas and spaces without commas should be rejected.",
2228569,345,Rational,Rational number,number_abstract,AbstractNumber,,,,,,,,,,,
2228570,346,Real,Real number,number_abstract,AbstractNumber,,,,,,,,,,,
2228571,347,Complex,Complex number,number_abstract,AbstractNumber,,,,,,,,,,,
2228572,348,FloatIeee754,IEEE 754 floating-point number formats,number,Float,,,,,,,,,,,
2228573,349,NumeralSystem,Format for representing numbers,number,,,,,,,,,,,,
2228574,350,BaseNNumeral,Representation of a number in a given base,number,:~ [format:f354] [format:base_alphabet],,,,,,,,,,,
2228575,351,Natural1,"Natural number, not including zero",number_abstract,AbstractNumber & Integer,,,,,,,,,,,
2228576,352,DcIdentifier,Dc identifier (new),identifier,"DcIdentifier, =[Natural1 & <(2^128)]",,,,,,,,,,,
2228577,353,DcShortIdentifier,Dc identifier (short),identifier,"DcIdentifier, =[Natural1 & <(2^128)]",,,,,,,,,,,
2228578,354,Base,A radix in a number system,number,:~ [number:f351],,,,,,,,,,,
2228579,355,AbstractNumber,"Any number, but not in a specific representation",number_abstract,,,,,,,,,,,,
2228580,356,BaseNNumber,"Representation of a number in a given base, agnostic to alphabet",number_abstract,:~ [format:f354],,,,,,,,,,,
2228581,357,DcNumber,"A number represented using Dcs, a sequence of Dcs between Dcs 6 and 7",number,,,,,,,,,,,,
2228582,358,DcNumberB64Int,A DcNumber representing an integer expressed in base 64,number,DcNumber,,,,,,,,,,"A DcNumber representing an integer expressed in base 64 using the encapsulation Dcs, not byte-oriented, with optional sign flag (Dc 10 or 11) at start
",
2228583,359,BaseAlphabet,A set of characters used in a positional number system,base_alphabet,,,,,,,,,,,,
2228584,360,AlphabetBase64Rfc4648,Standard Base 64 alphabet from RFC 4648. Case-sensitive.,base_alphabet,,,,,,,,,,,,
2228585,361,AlphabetBase36,Base alphabet with 36 characters; standard Arabic digits + Latin letters: 0-9 (A-Z|a-z),base_alphabet,,,,,,,,,,,,
2228586,362,AlphabetBase36Uppercase,"Base alphabet with 36 characters, uppercase: 0-9 A-Z",base_alphabet,AlphabetBase36,,,,,,,,,,,
2228587,363,AlphabetBase36Lowercase,"Base alphabet with 36 characters, lowercase: 0-9 a-z",base_alphabet,AlphabetBase36,,,,,,,,,,,
2228588,364,ArithmeticExpression,Arithmetic expression,math,MathExpression,,,,,,,,,,"e.g. ""(23 mod 2) + 6"", ""sin(pi/4)""",
2228589,365,SymbolicExpression,Math expression with variables,math,MathExpression,,,,,,,,,,"e.g. ""1 + 2x"", ""x^2 - 4x + 4""",
2228590,366,MathRelation,,math,,,,,,,,,,,,
2228591,367,Equation,Predicate asserting equality,math,MathRelation,,,,,,,,,,"e.g. ""2x = 6"", ""E = mc^2"", ""1 lb = 16 oz""",
2228592,368,Inequality,Predicate asserting ordering,math,MathRelation,,,,,,,,,,"e.g. ""x^2 + y^2 <= 1"", ""1 ≠ 2""",
2228593,369,Approximation,Predicate asserting approximate equality,math,MathRelation,,,,,,,,,,"e.g. ""1 oz ~= 28 g""",
2228594,370,EquationSystem,"A system of equations, inequalities, and/or approximations",math,,,,,,,,,,,"e.g. ""1 lb = 16 oz; 1 oz ~= 28 g; solve for x""",
2228595,371,UnaryNumeral,A number with radix 1,number,":~ [format:base_alphabet], <equiv>f350 f354 [number:'1']",,,,,,,,,,,
2228596,372,BinaryNumeral,A number with radix 2,number,":~ [format:base_alphabet], <equiv>f350 f354 [number:'2']",,,,,,,,,,,
2228597,373,OctalNumeral,A number with radix 8,number,":~ [format:base_alphabet], <equiv>f350 f354 [number:'8']",,,,,,,,,,,
2228598,374,DecimalNumeral,A number with radix 10,number,":~ [format:base_alphabet], <equiv>f350 f354 [number:'10']",,,,,,,,,,,
2228599,375,HexadecimalNumeral,A number with radix 16,number,":~ [format:base_alphabet], <equiv>f350 f354 [number:'16']",,,,,,,,,,,
2228600,376,AlphabetArabicIndicNumeral,Arabic-Indic numerals (٠-٩),base_alphabet,,,,,,,,,,,,
2228601,377,AlphabetDevanagariNumeral,Devanagari numerals (०-९),base_alphabet,,,,,,,,,,,,
2228602,378,RomanNumeral,Roman numeral system,numeral_system,,,,,,,,,,,,
2228603,379,TallyNumeral,Additive tally marks,numeral_system,,,,,,,,,,,,
2228604,380,ChineseNumeral,Chinese numeral systems,numeral_system,,,,,,,,,,,,
2228605,381,ChineseNumeralSmall,Chinese numerals. Varies depending on simplified versus traditional characters,numeral_system,ChineseNumeral,,,,,,,,,,,
2228606,382,ChineseNumeralBig,Chinese numerals for finance. Varies depending on simplified versus traditional characters,numeral_system,ChineseNumeral,,,,,,,,,,,
2228607,383,SuzhouNumeral,Suzhou numeral system,numeral_system,,,,,,,,,,,,
