ID,Ident (Rust-friendly),Label,Category,"Layer (Semantic, Serialization, Armor, Compression, Container)","MIME (Primary MIME type first, followed by comma-separated aliases)","Extensions (Primary extension first, followed by comma-separated alternatives)",Apple Uniform Type Identifier (UTI),Apple Type code,Magic,Nicknames (short names for uses like CLI arguments),BaseFormat or Chain,"Import support
(for trans_:
  =run the tr.)","Export support
(for trans_:
  =reverse the
    tr.)",Tests,"Variant Types
(comma-
  delimited)","Comments. The “Format name” is an ID, and should conform to StageL ident naming.
Import/export/tests support columns meaning:
   -1=N/A
   blank/0=none
   1=WIP
   2=mostly, or fully for at least one version of a format with options
   3=fully implemented for semantic content (and tests for variation in non-semantic details of the structure of the doc being imported)
   4=lossless and roundtrippable (with enough info for unambiguous bit-for-bit reconstruction of any given input)
   5=4+optional strict validation.",References
0,Utf8,UTF-8,encoding,serialization,,".txt, .utf8",,,,,Unicode,1,2,1,unicodePua,"For “encoding” formats, the extension given should have “.txt” appended to it when it’s not being used as an option for another format (e.g. HTML). Variants: unicode versions, BOM/no BOM, line ending variants (CR/LF/CRLF/the various others floating around), PUA extensions (variant:unicodePua type).",
3,AsciiSafeSubset,Printable ASCII,encoding,serialization,,".txt, .ascii",,,,,,3,3,1,,"ASCII with no control characters. Variants: Line ending variants allowed for *reading*, but only CR/LF/CRLF, and all of them mean unambiguous CR+LF (=EOL), and should be interpreted as such on import and emitted as such on export, thus preserving line-endings by requiring non-CRLF to be stored using a higher-level protocol (e.g. base64ing the content and using this as an ASCII armor format only). How useful this format is is debateable.",
4,Ascii,ASCII,encoding,,,".txt, .ascii",,,,,,3,3,1,lineEndings,7-bit ASCII. Variants: Line ending variants,
83,Ucs2,UCS-2,encoding,,,,,,,,Unicode,,,,,,
84,Wtf8,WTF-8,encoding,,,,,,,,Unicode,,,,,,
85,Utf32_BE,"UTF-32, big-endian",encoding,,,,,,,,Unicode,,,,,,
86,Cp437,Code page 437 (CCSID 437),encoding,,,,,,,,,,,,,,
87,MacRoman,MacRoman,encoding,,,,,,,,,,,,,,
110,Utf8_Base64,UTF-8 (Base64-encoded),encoding,,,,,,,,Utf8 & Base64,,,,,Not really a unique format; it's a chain of UTF-8 within base64. Entered separately because it's separate in dceutils.,
325,Win1252,"Windows-1252 (""ANSI"")",encoding,,,,,,,ansi,,,,,,,
326,AlphaSmartNeo,AlphaSmart Neo encoding (has several variants),encoding,,,,,,,,,,,,,,
327,AlphaSmartNeoLowGrUs,"AlphaSmart Neo, graphical low bytes, USA",encoding,,,,,,,,AlphaSmartNeo,,,,,,
328,AlphaSmartNeoLowGrUaMac,"AlphaSmart Neo, graphical low bytes, Ukraine (Mac)",encoding,,,,,,,,AlphaSmartNeo,,,,,,
329,AlphaSmartNeoLowGrUaPc,"AlphaSmart Neo, graphical low bytes, Ukraine (PC)",encoding,,,,,,,,AlphaSmartNeo,,,,,,
330,AlphaSmartNeoLowCtlUs,"AlphaSmart Neo, control low bytes, USA",encoding,,,,,,,,AlphaSmartNeo,,,,,,
331,AlphaSmartNeoLowCtlUaMac,"AlphaSmart Neo, control low bytes, Ukraine (Mac)",encoding,,,,,,,,AlphaSmartNeo,,,,,,
332,AlphaSmartNeoLowCtlUaPc,"AlphaSmart Neo, control low bytes, Ukraine (PC)",encoding,,,,,,,,AlphaSmartNeo,,,,,,
