Dc,Short,Ident (Rust-friendly),Label,Category,"Layer (Semantic, Serialization, Armor, Compression, Container)","MIME (Primary MIME type first, followed by comma-separated aliases)","Extensions (Primary extension first, followed by comma-separated alternatives)",Apple Uniform Type Identifier (UTI),Apple Type code,Nicknames (short names for uses like CLI arguments),BaseFormat or Chain,"Import support
(for trans_:
  =run the tr.)","Export support
(for trans_:
  =reverse the
    tr.)",Tests,"Variant Types
(comma-
  delimited)","Comments. The “Format name” is an ID, and should conform to StageL ident naming.
Import/export/tests support columns meaning:
   -1=N/A
   blank/0=none
   1=WIP
   2=mostly, or fully for at least one version of a format with options
   3=fully implemented for semantic content (and tests for variation in non-semantic details of the structure of the doc being imported)
   4=lossless and roundtrippable (with enough info for unambiguous bit-for-bit reconstruction of any given input)
   5=4+optional strict validation.",References
,226,IpAddr,IP address,identifier,,,,,,,,,,,,,
,227,Uri,URI (Uniform Resource Identifier),identifier,,,,,,,,,,,,,
,228,FileName,File name,identifier,,,,,,,,,,,,,
,229,FilePath,File path,identifier,,,,,,,,,,,,,
,230,Lnk,Windows shortcut,identifier,,application/x-ms-shortcut,".lnk, .url, .cda",,,,,,,,,,
,231,MacAlias,Mac alias,identifier,,,,com.apple.alias-file,alis,,,,,,,,
,232,MacBookmark,Mac bookmark,identifier,,,,,,,,,,,,,
,233,Torrent,Torrent,identifier,,application/x-bittorrent,.torrent,,,,,,,,,,
,234,Btih,Torrent info hash,identifier,,,,,,,,,,,,,
,235,Magnet,Magnet URI,identifier,,,,,,,Uri,,,,,,
,236,IaIdentifier,Internet Archive item identifier,identifier,,,,,,,,,,,,,
,237,IaArchiveTorrent,Internet Archive item torrent,identifier,,application/x-bittorrent,_archive.torrent,,,,Torrent,,,,,,
