Dc,Short,Ident (Rust-friendly),Label,Category,"BaseFormat/Chain, or Syntax","Extensions (Primary extension first, followed by comma-separated alternatives)","MIME (Primary MIME type first, followed by comma-separated aliases)",Apple Uniform Type Identifier (UTI),Apple Type code,Nicknames (short names for uses like CLI arguments),"Import support
(for trans_:
  =run the tr.)","Export support
(for trans_:
  =reverse the
    tr.)",Tests,"Variant Types
(comma-
  delimited)","Comments. The “Format name” is an ID, and should conform to StageL ident naming.
Import/export/tests support columns meaning:
   -1=N/A
   blank/0=none
   1=WIP
   2=mostly, or fully for at least one version of a format with options
   3=fully implemented for semantic content (and tests for variation in non-semantic details of the structure of the doc being imported)
   4=lossless and roundtrippable (with enough info for unambiguous bit-for-bit reconstruction of any given input)
   5=4+optional strict validation.",References
2228243,19,SemanticToText,Semantic Dcs to text,transformation,,,,,,,1,,,,“transformation” types operate on documents stored as arrays of Dcs.,
2228244,20,CodeToText,Programmatic Dcs to text,transformation,,,,,,,1,,,,,
2228547,323,AlturaMacToWin,Convert MacRoman characters to Windows-1252 characters in the way Altura Mac2Win does (replacing some characters with visually different ones),transformation,,,,,,,,,,,,
2228548,324,AlturaWinToMac,Convert Windows-1252 characters to MacRoman characters in the reverse of the way Altura Mac2Win does (replacing some characters with visually different ones),transformation,,,,,,,,,,,,
